{
  "version": 3,
  "targets": {
    ".NETFramework,Version=v4.6.1": {
      "AvalonEdit/5.0.3": {
        "type": "package",
        "compile": {
          "lib/Net40/_._": {}
        },
        "runtime": {
          "lib/Net40/ICSharpCode.AvalonEdit.dll": {}
        }
      },
      "BouncyCastle/1.8.1": {
        "type": "package",
        "compile": {
          "lib/_._": {}
        },
        "runtime": {
          "lib/BouncyCastle.Crypto.dll": {}
        }
      },
      "ClosedXML/0.87.1": {
        "type": "package",
        "dependencies": {
          "DocumentFormat.OpenXml": "2.5.0"
        },
        "compile": {
          "lib/net40/_._": {}
        },
        "runtime": {
          "lib/net40/ClosedXML.dll": {}
        }
      },
      "CredentialManagement/1.0.2": {
        "type": "package",
        "frameworkAssemblies": [
          "CredentialManagement"
        ],
        "compile": {
          "lib/net35/_._": {}
        },
        "runtime": {
          "lib/net35/CredentialManagement.dll": {}
        }
      },
      "CsvHelper/2.13.5": {
        "type": "package",
        "compile": {
          "lib/net40-client/_._": {}
        },
        "runtime": {
          "lib/net40-client/CsvHelper.dll": {}
        }
      },
      "Desktop.Analyzers/1.1.0": {
        "type": "package",
        "frameworkAssemblies": [
          "System"
        ]
      },
      "DocumentFormat.OpenXml/2.5.0": {
        "type": "package",
        "compile": {
          "lib/_._": {}
        },
        "runtime": {
          "lib/DocumentFormat.OpenXml.dll": {}
        }
      },
      "Dynamicweb.Caching/1.0.0": {
        "type": "package",
        "dependencies": {
          "Dynamicweb.Core": "1.0.1"
        },
        "compile": {
          "lib/net46/_._": {}
        },
        "runtime": {
          "lib/net46/Dynamicweb.Caching.dll": {}
        }
      },
      "Dynamicweb.Configuration/1.0.0": {
        "type": "package",
        "dependencies": {
          "Dynamicweb.Caching": "1.0.0",
          "Microsoft.CodeAnalysis.FxCopAnalyzers": "1.1.0"
        },
        "compile": {
          "lib/net46/_._": {}
        },
        "runtime": {
          "lib/net46/Dynamicweb.Configuration.dll": {}
        }
      },
      "Dynamicweb.Core/1.0.2": {
        "type": "package",
        "dependencies": {
          "Newtonsoft.Json": "[8.0.3]"
        },
        "compile": {
          "lib/net46/_._": {}
        },
        "runtime": {
          "lib/net46/Dynamicweb.Core.dll": {}
        }
      },
      "Dynamicweb.Data/1.0.0": {
        "type": "package",
        "dependencies": {
          "Dynamicweb.Diagnostics": "1.0.0",
          "Dynamicweb.Extensibility": "1.0.0"
        },
        "compile": {
          "lib/net46/_._": {}
        },
        "runtime": {
          "lib/net46/Dynamicweb.Data.dll": {}
        }
      },
      "Dynamicweb.Diagnostics/1.0.0": {
        "type": "package",
        "dependencies": {
          "Dynamicweb.Logging": "1.0.0"
        },
        "compile": {
          "lib/net46/_._": {}
        },
        "runtime": {
          "lib/net46/Dynamicweb.Diagnostics.dll": {}
        }
      },
      "Dynamicweb.Environment/1.0.0": {
        "type": "package",
        "dependencies": {
          "Dynamicweb.Configuration": "1.0.0"
        },
        "compile": {
          "lib/net46/_._": {}
        },
        "runtime": {
          "lib/net46/Dynamicweb.Environment.dll": {}
        }
      },
      "Dynamicweb.Extensibility/1.0.0": {
        "type": "package",
        "dependencies": {
          "Dynamicweb.Environment": "1.0.0"
        },
        "compile": {
          "lib/net46/_._": {}
        },
        "runtime": {
          "lib/net46/Dynamicweb.Extensibility.dll": {}
        }
      },
      "Dynamicweb.Logging/1.0.0": {
        "type": "package",
        "dependencies": {
          "Dynamicweb.Environment": "1.0.0",
          "NLog": "4.2.1"
        },
        "compile": {
          "lib/net46/_._": {}
        },
        "runtime": {
          "lib/net46/Dynamicweb.Logging.dll": {}
        }
      },
      "Dynamicweb.Mailing/1.0.0": {
        "type": "package",
        "dependencies": {
          "Dynamicweb.Core": "1.0.1",
          "Dynamicweb.Data": "1.0.0",
          "Dynamicweb.Logging": "1.0.0",
          "HtmlAgilityPack": "1.4.9.5"
        },
        "compile": {
          "lib/net46/_._": {}
        },
        "runtime": {
          "lib/net46/Dynamicweb.Mailing.dll": {}
        }
      },
      "Dynamicweb.Mailing.DeliveryProviders.SendMessageProvider/2.0.0": {
        "type": "package",
        "dependencies": {
          "Dynamicweb.Extensibility": "1.0.0",
          "Dynamicweb.Mailing": "1.0.0"
        },
        "compile": {
          "lib/net46/_._": {}
        },
        "runtime": {
          "lib/net46/Dynamicweb.Mailing.DeliveryProviders.SendMessageProvider.dll": {}
        }
      },
      "Extended.Wpf.Toolkit/2.8.0": {
        "type": "package",
        "frameworkAssemblies": [
          "PresentationCore",
          "PresentationFramework",
          "System",
          "System.Xaml",
          "WindowsBase"
        ],
        "compile": {
          "lib/net40/_._": {}
        },
        "runtime": {
          "lib/net40/Xceed.Wpf.AvalonDock.Themes.Aero.dll": {},
          "lib/net40/Xceed.Wpf.AvalonDock.Themes.Metro.dll": {},
          "lib/net40/Xceed.Wpf.AvalonDock.Themes.VS2010.dll": {},
          "lib/net40/Xceed.Wpf.AvalonDock.dll": {},
          "lib/net40/Xceed.Wpf.DataGrid.dll": {},
          "lib/net40/Xceed.Wpf.Toolkit.dll": {}
        },
        "resource": {
          "lib/net40/de/Xceed.Wpf.AvalonDock.resources.dll": {
            "locale": "de"
          },
          "lib/net40/es/Xceed.Wpf.AvalonDock.resources.dll": {
            "locale": "es"
          },
          "lib/net40/fr/Xceed.Wpf.AvalonDock.resources.dll": {
            "locale": "fr"
          },
          "lib/net40/hu/Xceed.Wpf.AvalonDock.resources.dll": {
            "locale": "hu"
          },
          "lib/net40/it/Xceed.Wpf.AvalonDock.resources.dll": {
            "locale": "it"
          },
          "lib/net40/pt-BR/Xceed.Wpf.AvalonDock.resources.dll": {
            "locale": "pt-BR"
          },
          "lib/net40/ro/Xceed.Wpf.AvalonDock.resources.dll": {
            "locale": "ro"
          },
          "lib/net40/ru/Xceed.Wpf.AvalonDock.resources.dll": {
            "locale": "ru"
          },
          "lib/net40/sv/Xceed.Wpf.AvalonDock.resources.dll": {
            "locale": "sv"
          },
          "lib/net40/zh-Hans/Xceed.Wpf.AvalonDock.resources.dll": {
            "locale": "zh-Hans"
          }
        }
      },
      "HtmlAgilityPack/1.4.9.5": {
        "type": "package",
        "compile": {
          "lib/Net45/_._": {}
        },
        "runtime": {
          "lib/Net45/HtmlAgilityPack.dll": {}
        }
      },
      "Humanizer.Core/2.4.2": {
        "type": "package",
        "compile": {
          "lib/netstandard2.0/_._": {}
        },
        "runtime": {
          "lib/netstandard2.0/Humanizer.dll": {}
        }
      },
      "interop.domino.dll/1.0.0": {
        "type": "package",
        "compile": {
          "lib/_._": {}
        },
        "runtime": {
          "lib/Interop.Domino.dll": {}
        }
      },
      "Microsoft.AnalyzerPowerPack/1.0.0": {
        "type": "package",
        "frameworkAssemblies": [
          "System"
        ]
      },
      "Microsoft.AspNet.SignalR.Client/2.4.0": {
        "type": "package",
        "dependencies": {
          "Newtonsoft.Json": "6.0.4"
        },
        "frameworkAssemblies": [
          "System.Net.Http",
          "System.Net.Http.WebRequest"
        ],
        "compile": {
          "lib/net45/_._": {}
        },
        "runtime": {
          "lib/net45/Microsoft.AspNet.SignalR.Client.dll": {}
        }
      },
      "Microsoft.CodeAnalysis.FxCopAnalyzers/1.1.0": {
        "type": "package",
        "dependencies": {
          "Desktop.Analyzers": "[1.0.0, 1.2.0)",
          "Microsoft.AnalyzerPowerPack": "[1.0.0, 1.2.0)",
          "System.Runtime.Analyzers": "[1.0.0, 1.2.0)",
          "System.Runtime.InteropServices.Analyzers": "[1.0.0, 1.2.0)",
          "System.Security.Cryptography.Hashing.Algorithms.Analyzers": "[1.0.0, 1.2.0)"
        },
        "frameworkAssemblies": [
          "System"
        ]
      },
      "Microsoft.Exchange.WebServices/2.2.0": {
        "type": "package",
        "compile": {
          "lib/40/_._": {}
        },
        "runtime": {
          "lib/40/Microsoft.Exchange.WebServices.Auth.dll": {},
          "lib/40/Microsoft.Exchange.WebServices.dll": {}
        }
      },
      "Microsoft.Rest.ClientRuntime/2.3.20": {
        "type": "package",
        "dependencies": {
          "Newtonsoft.Json": "10.0.3"
        },
        "frameworkAssemblies": [
          "System.Net",
          "System.Net.Http",
          "System.Net.Http.WebRequest",
          "System.Runtime",
          "System.Runtime.Serialization"
        ],
        "compile": {
          "lib/net461/_._": {}
        },
        "runtime": {
          "lib/net461/Microsoft.Rest.ClientRuntime.dll": {}
        }
      },
      "Microsoft.VisualStudio.OLE.Interop/7.10.6071": {
        "type": "package",
        "compile": {
          "lib/_._": {}
        },
        "runtime": {
          "lib/Microsoft.VisualStudio.OLE.Interop.dll": {}
        }
      },
      "Newtonsoft.Json/11.0.2": {
        "type": "package",
        "compile": {
          "lib/net45/_._": {}
        },
        "runtime": {
          "lib/net45/Newtonsoft.Json.dll": {}
        }
      },
      "NLog/4.2.1": {
        "type": "package",
        "compile": {
          "lib/net45/_._": {}
        },
        "runtime": {
          "lib/net45/NLog.dll": {}
        }
      },
      "NPOI/2.4.1": {
        "type": "package",
        "dependencies": {
          "SharpZipLib": "1.0.0"
        },
        "compile": {
          "lib/net45/_._": {}
        },
        "runtime": {
          "lib/net45/NPOI.OOXML.dll": {},
          "lib/net45/NPOI.OpenXml4Net.dll": {},
          "lib/net45/NPOI.OpenXmlFormats.dll": {},
          "lib/net45/NPOI.dll": {}
        }
      },
      "SharpZipLib/1.0.0": {
        "type": "package",
        "compile": {
          "lib/net45/_._": {}
        },
        "runtime": {
          "lib/net45/ICSharpCode.SharpZipLib.dll": {}
        }
      },
      "System.Runtime.Analyzers/1.0.0": {
        "type": "package",
        "frameworkAssemblies": [
          "System"
        ],
        "build": {
          "build/_._": {}
        }
      },
      "System.Runtime.InteropServices.Analyzers/1.0.0": {
        "type": "package",
        "frameworkAssemblies": [
          "System"
        ],
        "build": {
          "build/_._": {}
        }
      },
      "System.Security.Cryptography.Hashing.Algorithms.Analyzers/1.1.0": {
        "type": "package",
        "frameworkAssemblies": [
          "System"
        ]
      },
      "UiPath/19.7.7128.27029": {
        "type": "package",
        "compile": {
          "lib/_._": {}
        },
        "runtime": {
          "lib/UiPath.Interop.dll": {}
        },
        "build": {
          "build/_._": {}
        }
      },
      "UiPath.Credentials.Activities/1.1.6479.13204": {
        "type": "package",
        "dependencies": {
          "CredentialManagement": "1.0.2"
        },
        "compile": {
          "lib/net40-client/_._": {}
        },
        "runtime": {
          "lib/net40-client/UiPath.Credentials.Activities.dll": {}
        }
      },
      "UiPath.Excel.Activities/2.6.2": {
        "type": "package",
        "dependencies": {
          "ClosedXML": "0.87.1",
          "CsvHelper": "2.13.5",
          "DocumentFormat.OpenXml": "2.5.0",
          "Microsoft.VisualStudio.OLE.Interop": "7.10.6071",
          "NPOI": "2.4.1",
          "SharpZipLib": "1.0.0"
        },
        "compile": {
          "lib/net461/_._": {}
        },
        "runtime": {
          "lib/net461/UiPath.Excel.Activities.Design.dll": {},
          "lib/net461/UiPath.Excel.Activities.dll": {},
          "lib/net461/UiPath.Excel.dll": {}
        },
        "resource": {
          "lib/net461/fr/UiPath.Excel.Activities.Design.resources.dll": {
            "locale": "fr"
          },
          "lib/net461/fr/UiPath.Excel.Activities.resources.dll": {
            "locale": "fr"
          },
          "lib/net461/fr/UiPath.Excel.resources.dll": {
            "locale": "fr"
          },
          "lib/net461/ja/UiPath.Excel.Activities.Design.resources.dll": {
            "locale": "ja"
          },
          "lib/net461/ja/UiPath.Excel.Activities.resources.dll": {
            "locale": "ja"
          },
          "lib/net461/ja/UiPath.Excel.resources.dll": {
            "locale": "ja"
          },
          "lib/net461/ru/UiPath.Excel.Activities.Design.resources.dll": {
            "locale": "ru"
          },
          "lib/net461/ru/UiPath.Excel.Activities.resources.dll": {
            "locale": "ru"
          },
          "lib/net461/ru/UiPath.Excel.resources.dll": {
            "locale": "ru"
          },
          "lib/net461/zh-CN/UiPath.Excel.Activities.Design.resources.dll": {
            "locale": "zh-CN"
          },
          "lib/net461/zh-CN/UiPath.Excel.Activities.resources.dll": {
            "locale": "zh-CN"
          },
          "lib/net461/zh-CN/UiPath.Excel.resources.dll": {
            "locale": "zh-CN"
          }
        }
      },
      "UiPath.Mail.Activities/1.5.1": {
        "type": "package",
        "dependencies": {
          "BouncyCastle": "1.8.1",
          "Microsoft.Exchange.WebServices": "2.2.0",
          "interop.domino.dll": "1.0.0"
        },
        "compile": {
          "lib/net452/_._": {}
        },
        "runtime": {
          "lib/net452/MailKit.dll": {},
          "lib/net452/MimeKit.dll": {},
          "lib/net452/UiPath.Mail.Activities.Design.dll": {},
          "lib/net452/UiPath.Mail.Activities.dll": {},
          "lib/net452/UiPath.Mail.dll": {}
        },
        "resource": {
          "lib/net452/fr/UiPath.Mail.Activities.Design.resources.dll": {
            "locale": "fr"
          },
          "lib/net452/fr/UiPath.Mail.Activities.resources.dll": {
            "locale": "fr"
          },
          "lib/net452/fr/UiPath.Mail.resources.dll": {
            "locale": "fr"
          },
          "lib/net452/ja/UiPath.Mail.Activities.Design.resources.dll": {
            "locale": "ja"
          },
          "lib/net452/ja/UiPath.Mail.Activities.resources.dll": {
            "locale": "ja"
          },
          "lib/net452/ja/UiPath.Mail.resources.dll": {
            "locale": "ja"
          },
          "lib/net452/ru/UiPath.Mail.Activities.Design.resources.dll": {
            "locale": "ru"
          },
          "lib/net452/ru/UiPath.Mail.Activities.resources.dll": {
            "locale": "ru"
          },
          "lib/net452/ru/UiPath.Mail.resources.dll": {
            "locale": "ru"
          },
          "lib/net452/zh-CN/UiPath.Mail.Activities.Design.resources.dll": {
            "locale": "zh-CN"
          },
          "lib/net452/zh-CN/UiPath.Mail.Activities.resources.dll": {
            "locale": "zh-CN"
          },
          "lib/net452/zh-CN/UiPath.Mail.resources.dll": {
            "locale": "zh-CN"
          }
        }
      },
      "UiPath.OCR.Contracts/2.0.0": {
        "type": "package",
        "compile": {
          "lib/net45/_._": {}
        },
        "runtime": {
          "lib/net45/UiPath.OCR.Contracts.dll": {}
        }
      },
      "UiPath.System.Activities/19.7.0": {
        "type": "package",
        "dependencies": {
          "CsvHelper": "2.13.5",
          "Microsoft.AspNet.SignalR.Client": "2.4.0",
          "Microsoft.Rest.ClientRuntime": "2.3.20",
          "Newtonsoft.Json": "11.0.2"
        },
        "compile": {
          "lib/net461/_._": {}
        },
        "runtime": {
          "lib/net461/ActiproSoftware.Docking.Wpf.dll": {},
          "lib/net461/ActiproSoftware.Ribbon.Wpf.dll": {},
          "lib/net461/ActiproSoftware.Shared.Wpf.dll": {},
          "lib/net461/ActiproSoftware.SyntaxEditor.Addons.DotNet.Wpf.dll": {},
          "lib/net461/ActiproSoftware.SyntaxEditor.Wpf.dll": {},
          "lib/net461/ActiproSoftware.Text.Addons.DotNet.Wpf.dll": {},
          "lib/net461/ActiproSoftware.Text.LLParser.Wpf.dll": {},
          "lib/net461/ActiproSoftware.Text.Wpf.dll": {},
          "lib/net461/ActiproSoftware.Wizard.Wpf.dll": {},
          "lib/net461/CustomInputForm.exe": {},
          "lib/net461/UiPath.OrchestratorClient.dll": {},
          "lib/net461/UiPath.System.Activities.Design.dll": {},
          "lib/net461/UiPath.System.Activities.dll": {}
        },
        "resource": {
          "lib/net461/fr/UiPath.System.Activities.Design.resources.dll": {
            "locale": "fr"
          },
          "lib/net461/fr/UiPath.System.Activities.resources.dll": {
            "locale": "fr"
          },
          "lib/net461/ja/UiPath.System.Activities.Design.resources.dll": {
            "locale": "ja"
          },
          "lib/net461/ja/UiPath.System.Activities.resources.dll": {
            "locale": "ja"
          },
          "lib/net461/ru/UiPath.System.Activities.Design.resources.dll": {
            "locale": "ru"
          },
          "lib/net461/ru/UiPath.System.Activities.resources.dll": {
            "locale": "ru"
          },
          "lib/net461/zh-CN/UiPath.System.Activities.Design.resources.dll": {
            "locale": "zh-CN"
          },
          "lib/net461/zh-CN/UiPath.System.Activities.resources.dll": {
            "locale": "zh-CN"
          }
        }
      },
      "UiPath.UIAutomation.Activities/19.7.0": {
        "type": "package",
        "dependencies": {
          "AvalonEdit": "5.0.3",
          "Extended.Wpf.Toolkit": "2.8.0",
          "Humanizer.Core": "2.4.2",
          "UiPath": "19.7.7128.27029",
          "UiPath.OCR.Contracts": "2.0.0",
          "UiPath.Vision": "1.6.1"
        },
        "compile": {
          "lib/net461/_._": {}
        },
        "runtime": {
          "lib/net461/ActiproSoftware.DataGrid.Contrib.Wpf.dll": {},
          "lib/net461/ActiproSoftware.Docking.Wpf.dll": {},
          "lib/net461/ActiproSoftware.Editors.Wpf.dll": {},
          "lib/net461/ActiproSoftware.Ribbon.Wpf.dll": {},
          "lib/net461/ActiproSoftware.Shared.Wpf.dll": {},
          "lib/net461/ActiproSoftware.SyntaxEditor.Addons.DotNet.Wpf.dll": {},
          "lib/net461/ActiproSoftware.SyntaxEditor.Wpf.dll": {},
          "lib/net461/ActiproSoftware.Text.Addons.DotNet.Wpf.dll": {},
          "lib/net461/ActiproSoftware.Text.LLParser.Wpf.dll": {},
          "lib/net461/ActiproSoftware.Text.Wpf.dll": {},
          "lib/net461/ActiproSoftware.Wizard.Wpf.dll": {},
          "lib/net461/UiPath.UIAutomation.Activities.Design.dll": {},
          "lib/net461/UiPath.UiAutomation.Activities.dll": {},
          "lib/net461/UiPath.Wizards.dll": {}
        },
        "resource": {
          "lib/net461/fr/UiPath.UIAutomation.Activities.Design.resources.dll": {
            "locale": "fr"
          },
          "lib/net461/fr/UiPath.UiAutomation.Activities.resources.dll": {
            "locale": "fr"
          },
          "lib/net461/fr/UiPath.Wizards.resources.dll": {
            "locale": "fr"
          },
          "lib/net461/ja/UiPath.UIAutomation.Activities.Design.resources.dll": {
            "locale": "ja"
          },
          "lib/net461/ja/UiPath.UiAutomation.Activities.resources.dll": {
            "locale": "ja"
          },
          "lib/net461/ja/UiPath.Wizards.resources.dll": {
            "locale": "ja"
          },
          "lib/net461/ru/UiPath.UIAutomation.Activities.Design.resources.dll": {
            "locale": "ru"
          },
          "lib/net461/ru/UiPath.UiAutomation.Activities.resources.dll": {
            "locale": "ru"
          },
          "lib/net461/ru/UiPath.Wizards.resources.dll": {
            "locale": "ru"
          },
          "lib/net461/zh-CN/UiPath.UIAutomation.Activities.Design.resources.dll": {
            "locale": "zh-CN"
          },
          "lib/net461/zh-CN/UiPath.UiAutomation.Activities.resources.dll": {
            "locale": "zh-CN"
          },
          "lib/net461/zh-CN/UiPath.Wizards.resources.dll": {
            "locale": "zh-CN"
          }
        }
      },
      "UiPath.Vision/1.6.1": {
        "type": "package",
        "compile": {
          "lib/net452/_._": {}
        },
        "runtime": {
          "lib/net452/UiPath.Vision.Core.dll": {},
          "lib/net452/UiPath.Vision.dll": {}
        }
      },
      "UiPathTeam.Twilio.Workflow.Activities/1.0.0.3": {
        "type": "package",
        "compile": {
          "lib/_._": {}
        },
        "runtime": {
          "lib/Microsoft.IdentityModel.Logging.dll": {},
          "lib/Microsoft.IdentityModel.Tokens.dll": {},
          "lib/Newtonsoft.Json.dll": {},
          "lib/System.IdentityModel.Tokens.Jwt.dll": {},
          "lib/Twilio.dll": {},
          "lib/TwilioSMS.dll": {}
        }
      }
    }
  },
  "libraries": {
    "AvalonEdit/5.0.3": {
      "sha512": "L5CgXRniZRxI/tjoBztVgZnvTL1F/qKrRJa+Q88I0Gl78WRNaqdMkuOlkAsOHTauBGZSQNDO0/X+xIpzfzmLdQ==",
      "type": "package",
      "path": "avalonedit/5.0.3",
      "files": [
        ".nupkg.metadata",
        "avalonedit.5.0.3.nupkg.sha512",
        "avalonedit.nuspec",
        "lib/Net35/ICSharpCode.AvalonEdit.dll",
        "lib/Net35/ICSharpCode.AvalonEdit.xml",
        "lib/Net40/ICSharpCode.AvalonEdit.dll",
        "lib/Net40/ICSharpCode.AvalonEdit.xml"
      ]
    },
    "BouncyCastle/1.8.1": {
      "sha512": "nH+P67LavO5EcxjKdBxFfRdfdFhivS3Xp3+0br1KcpCI8DM6ksCWy6YYZjk7XFV+VsHGtkUovwIZ/vmCp42geA==",
      "type": "package",
      "path": "bouncycastle/1.8.1",
      "files": [
        ".nupkg.metadata",
        "Readme.txt",
        "bouncycastle.1.8.1.nupkg.sha512",
        "bouncycastle.nuspec",
        "lib/BouncyCastle.Crypto.dll"
      ]
    },
    "ClosedXML/0.87.1": {
      "sha512": "2LC0T8bu2G2kt34C4Ig87uZfrRO4MwMVI54e2To7m3DvwAs2Z2Ir86WQuUoW8Txo1uNGSfmu3DpfpQhSX0bIww==",
      "type": "package",
      "path": "closedxml/0.87.1",
      "files": [
        ".nupkg.metadata",
        "closedxml.0.87.1.nupkg.sha512",
        "closedxml.nuspec",
        "lib/net35/ClosedXML.dll",
        "lib/net35/ClosedXML.pdb",
        "lib/net35/ClosedXML.xml",
        "lib/net40/ClosedXML.dll",
        "lib/net40/ClosedXML.pdb",
        "lib/net40/ClosedXML.xml"
      ]
    },
    "CredentialManagement/1.0.2": {
      "sha512": "VkP04/jFXaxT3TkcRhzETYtOrznQxRmQ2J1XJdbXz47Bir7hIzPR7mFZk4GJQ4An4gozW+vonpf+iqTHomAkQw==",
      "type": "package",
      "path": "credentialmanagement/1.0.2",
      "files": [
        ".nupkg.metadata",
        "credentialmanagement.1.0.2.nupkg.sha512",
        "credentialmanagement.nuspec",
        "lib/net35/CredentialManagement.dll"
      ]
    },
    "CsvHelper/2.13.5": {
      "sha512": "fC8DPi/YTcZ8uXFiAeuT9EpsR2TE5cSJ2jg/4tht/Oen6az/djebpYoCQEtI33RfNrSZ533SedOknlWtUTX3fw==",
      "type": "package",
      "path": "csvhelper/2.13.5",
      "files": [
        ".nupkg.metadata",
        "csvhelper.2.13.5.nupkg.sha512",
        "csvhelper.nuspec",
        "lib/net20/CsvHelper.dll",
        "lib/net20/CsvHelper.pdb",
        "lib/net20/CsvHelper.xml",
        "lib/net35-client/CsvHelper.dll",
        "lib/net35-client/CsvHelper.pdb",
        "lib/net35-client/CsvHelper.xml",
        "lib/net40-client/CsvHelper.dll",
        "lib/net40-client/CsvHelper.pdb",
        "lib/net40-client/CsvHelper.xml",
        "lib/portable-net40+sl5+win8+wpa+wp8/CsvHelper.dll",
        "lib/portable-net40+sl5+win8+wpa+wp8/CsvHelper.pdb",
        "lib/portable-net40+sl5+win8+wpa+wp8/CsvHelper.xml"
      ]
    },
    "Desktop.Analyzers/1.1.0": {
      "sha512": "YNx8+pW75pz/VF52vren5Yfu16sPYX02M537sHc1W4jtdY4sEGPs/p8reaLjF5PFX/9ml97DBHg056kR9K6tsQ==",
      "type": "package",
      "path": "desktop.analyzers/1.1.0",
      "hasTools": true,
      "files": [
        ".nupkg.metadata",
        ".signature.p7s",
        "ThirdPartyNotices.rtf",
        "analyzers/dotnet/cs/Desktop.Analyzers.dll",
        "analyzers/dotnet/cs/Desktop.CSharp.Analyzers.dll",
        "analyzers/dotnet/vb/Desktop.Analyzers.dll",
        "analyzers/dotnet/vb/Desktop.VisualBasic.Analyzers.dll",
        "build/Desktop.Analyzers.Common.props",
        "desktop.analyzers.1.1.0.nupkg.sha512",
        "desktop.analyzers.nuspec",
        "tools/install.ps1",
        "tools/uninstall.ps1"
      ]
    },
    "DocumentFormat.OpenXml/2.5.0": {
      "sha512": "H5jnox0hcLwzAjrpNqDPIItjh7dplF1kk1z8LatpI2h75wBgps1MepEttJFKs7xedQReCMHA0tGpNI0H2B+Mrg==",
      "type": "package",
      "path": "documentformat.openxml/2.5.0",
      "files": [
        ".nupkg.metadata",
        "documentformat.openxml.2.5.0.nupkg.sha512",
        "documentformat.openxml.nuspec",
        "lib/DocumentFormat.OpenXml.dll"
      ]
    },
    "Dynamicweb.Caching/1.0.0": {
      "sha512": "9UpiY7LlmZDjFtxs61o4SEas0CaphR+4HS7LBrE5QzpyJ5iKWJxaqRz3wqNn2ktWkF9B/1tnzmFLV/Yh8+9R2w==",
      "type": "package",
      "path": "dynamicweb.caching/1.0.0",
      "files": [
        ".nupkg.metadata",
        ".signature.p7s",
        "dynamicweb.caching.1.0.0.nupkg.sha512",
        "dynamicweb.caching.nuspec",
        "lib/net46/Dynamicweb.Caching.XML",
        "lib/net46/Dynamicweb.Caching.dll"
      ]
    },
    "Dynamicweb.Configuration/1.0.0": {
      "sha512": "5LwIPADis18Jz4HsBQNE4nsEycPl2VExIlc5zAZr5XwlxRFeW9gGlS/issDso6ddInC/iQfIxUbuJ8RhMlAfKg==",
      "type": "package",
      "path": "dynamicweb.configuration/1.0.0",
      "files": [
        ".nupkg.metadata",
        ".signature.p7s",
        "dynamicweb.configuration.1.0.0.nupkg.sha512",
        "dynamicweb.configuration.nuspec",
        "lib/net46/Dynamicweb.Configuration.XML",
        "lib/net46/Dynamicweb.Configuration.dll"
      ]
    },
    "Dynamicweb.Core/1.0.2": {
      "sha512": "JmKM18w1odi+huAYLtCbLaXp3pArrGMtCbzkj5wUbxFmWJ3e7hVgEsfLVJ6iI+uTK4q4NfrsgnV90qrI4YTGxg==",
      "type": "package",
      "path": "dynamicweb.core/1.0.2",
      "files": [
        ".nupkg.metadata",
        ".signature.p7s",
        "dynamicweb.core.1.0.2.nupkg.sha512",
        "dynamicweb.core.nuspec",
        "lib/net46/Dynamicweb.Core.XML",
        "lib/net46/Dynamicweb.Core.dll"
      ]
    },
    "Dynamicweb.Data/1.0.0": {
      "sha512": "2GtyYPKErC0ZpZ9N4snTkpqWlYcr/46Ys3VDPzLzUnGv4x+NCcW+zDX/p0X3RWLnH1wZI3FXNVHqB7DJGbCW5Q==",
      "type": "package",
      "path": "dynamicweb.data/1.0.0",
      "files": [
        ".nupkg.metadata",
        ".signature.p7s",
        "dynamicweb.data.1.0.0.nupkg.sha512",
        "dynamicweb.data.nuspec",
        "lib/net46/Dynamicweb.Data.dll",
        "lib/net46/Dynamicweb.Data.xml"
      ]
    },
    "Dynamicweb.Diagnostics/1.0.0": {
      "sha512": "uoEAiyNZ9Hx6nWU4bMKsKgkdIaE8Mvhj9VtQNWngxcF5UGeYgMxIEvjXUQsUA/z4EjZ8yC5OUZdn7GCb7Ws1uw==",
      "type": "package",
      "path": "dynamicweb.diagnostics/1.0.0",
      "files": [
        ".nupkg.metadata",
        ".signature.p7s",
        "dynamicweb.diagnostics.1.0.0.nupkg.sha512",
        "dynamicweb.diagnostics.nuspec",
        "lib/net46/Dynamicweb.Diagnostics.XML",
        "lib/net46/Dynamicweb.Diagnostics.dll"
      ]
    },
    "Dynamicweb.Environment/1.0.0": {
      "sha512": "/7QHnkQ0vlDKUxObKBJJU348KW+vvWLOz3oFJsRF581ZcuFJMpZI1nTa5+hAO1A90YJc9WjTQbf3v+OT90Qvgw==",
      "type": "package",
      "path": "dynamicweb.environment/1.0.0",
      "files": [
        ".nupkg.metadata",
        ".signature.p7s",
        "dynamicweb.environment.1.0.0.nupkg.sha512",
        "dynamicweb.environment.nuspec",
        "lib/net46/Dynamicweb.Environment.XML",
        "lib/net46/Dynamicweb.Environment.dll"
      ]
    },
    "Dynamicweb.Extensibility/1.0.0": {
      "sha512": "yyv3nhoKp6G6WRnJPjeI6HhgreHtRtRNLRjRCeZr9X05fuYz7GIESLaEuHMjL3DHyOIAYi8to3fctGSIhoGemQ==",
      "type": "package",
      "path": "dynamicweb.extensibility/1.0.0",
      "files": [
        ".nupkg.metadata",
        ".signature.p7s",
        "dynamicweb.extensibility.1.0.0.nupkg.sha512",
        "dynamicweb.extensibility.nuspec",
        "lib/net46/Dynamicweb.Extensibility.XML",
        "lib/net46/Dynamicweb.Extensibility.dll"
      ]
    },
    "Dynamicweb.Logging/1.0.0": {
      "sha512": "COlPe2YFjY0kPaQi1SDN3WYRUaXwNtD6aKrCbS15rj0pimv40LaRRKQRbsLpjvGErZnxmDyqKyaEDfhGcXxN4w==",
      "type": "package",
      "path": "dynamicweb.logging/1.0.0",
      "files": [
        ".nupkg.metadata",
        ".signature.p7s",
        "dynamicweb.logging.1.0.0.nupkg.sha512",
        "dynamicweb.logging.nuspec",
        "lib/net46/Dynamicweb.Logging.XML",
        "lib/net46/Dynamicweb.Logging.dll"
      ]
    },
    "Dynamicweb.Mailing/1.0.0": {
      "sha512": "lnyOttpyiZoExYZptYyRHrncvWIOcu7A9rRs+Ah7G0yv5hesRUmGl/tZYs5iGNrFxAvIyBrwzpRJcTOmL6tHpg==",
      "type": "package",
      "path": "dynamicweb.mailing/1.0.0",
      "files": [
        ".nupkg.metadata",
        ".signature.p7s",
        "dynamicweb.mailing.1.0.0.nupkg.sha512",
        "dynamicweb.mailing.nuspec",
        "lib/net46/Dynamicweb.Mailing.dll",
        "lib/net46/Dynamicweb.Mailing.xml"
      ]
    },
    "Dynamicweb.Mailing.DeliveryProviders.SendMessageProvider/2.0.0": {
      "sha512": "WhCuwsRi5lovzfvtgCQE/AYquaBkSOwj/40QQhUUU96WZkurwMUExbpDXARwVtbm7CskLHT6XzuzHFnLLIgRVA==",
      "type": "package",
      "path": "dynamicweb.mailing.deliveryproviders.sendmessageprovider/2.0.0",
      "files": [
        ".nupkg.metadata",
        ".signature.p7s",
        "dynamicweb.mailing.deliveryproviders.sendmessageprovider.2.0.0.nupkg.sha512",
        "dynamicweb.mailing.deliveryproviders.sendmessageprovider.nuspec",
        "lib/net46/Dynamicweb.Mailing.DeliveryProviders.SendMessageProvider.dll",
        "lib/net46/Dynamicweb.Mailing.DeliveryProviders.SendMessageProvider.xml"
      ]
    },
    "Extended.Wpf.Toolkit/2.8.0": {
      "sha512": "wKjJl4sDyXTVzgiKTBTw8jT0/3OwpEklQuWGe1Nz2HX0joiBeUzIurY2mnERni+8XHwateRcuks6yk/cuR22fA==",
      "type": "package",
      "path": "extended.wpf.toolkit/2.8.0",
      "hasTools": true,
      "files": [
        ".nupkg.metadata",
        ".signature.p7s",
        "extended.wpf.toolkit.2.8.0.nupkg.sha512",
        "extended.wpf.toolkit.nuspec",
        "lib/net35/WPFToolkit.dll",
        "lib/net35/Xceed.Wpf.Toolkit.dll",
        "lib/net40/Xceed.Wpf.AvalonDock.Themes.Aero.dll",
        "lib/net40/Xceed.Wpf.AvalonDock.Themes.Metro.dll",
        "lib/net40/Xceed.Wpf.AvalonDock.Themes.VS2010.dll",
        "lib/net40/Xceed.Wpf.AvalonDock.dll",
        "lib/net40/Xceed.Wpf.DataGrid.dll",
        "lib/net40/Xceed.Wpf.Toolkit.dll",
        "lib/net40/de/Xceed.Wpf.AvalonDock.resources.dll",
        "lib/net40/es/Xceed.Wpf.AvalonDock.resources.dll",
        "lib/net40/fr/Xceed.Wpf.AvalonDock.resources.dll",
        "lib/net40/hu/Xceed.Wpf.AvalonDock.resources.dll",
        "lib/net40/it/Xceed.Wpf.AvalonDock.resources.dll",
        "lib/net40/pt-BR/Xceed.Wpf.AvalonDock.resources.dll",
        "lib/net40/ro/Xceed.Wpf.AvalonDock.resources.dll",
        "lib/net40/ru/Xceed.Wpf.AvalonDock.resources.dll",
        "lib/net40/sv/Xceed.Wpf.AvalonDock.resources.dll",
        "lib/net40/zh-Hans/Xceed.Wpf.AvalonDock.resources.dll",
        "tools/install.ps1"
      ]
    },
    "HtmlAgilityPack/1.4.9.5": {
      "sha512": "zk7zsIaPkyBvYoVDsnx52SbKtvcmo2bcgNBshhSG++RnHMYoh0dqxRuQSznY+w6luiqR35OiHTk1L73SUAGKLw==",
      "type": "package",
      "path": "htmlagilitypack/1.4.9.5",
      "files": [
        ".nupkg.metadata",
        ".signature.p7s",
        "HAPIcon.png",
        "htmlagilitypack.1.4.9.5.nupkg.sha512",
        "htmlagilitypack.nuspec",
        "lib/Net20/HtmlAgilityPack.dll",
        "lib/Net20/HtmlAgilityPack.pdb",
        "lib/Net20/HtmlAgilityPack.xml",
        "lib/Net40-client/HtmlAgilityPack.dll",
        "lib/Net40-client/HtmlAgilityPack.pdb",
        "lib/Net40-client/HtmlAgilityPack.xml",
        "lib/Net40/HtmlAgilityPack.XML",
        "lib/Net40/HtmlAgilityPack.dll",
        "lib/Net40/HtmlAgilityPack.pdb",
        "lib/Net45/HtmlAgilityPack.XML",
        "lib/Net45/HtmlAgilityPack.dll",
        "lib/Net45/HtmlAgilityPack.pdb",
        "lib/NetCore45/HtmlAgilityPack.dll",
        "lib/NetCore45/HtmlAgilityPack.pdb",
        "lib/NetCore45/HtmlAgilityPack.pri",
        "lib/NetCore45/HtmlAgilityPack.xml",
        "lib/portable-net45+netcore45+wp8+MonoAndroid+MonoTouch/HtmlAgilityPack.dll",
        "lib/portable-net45+netcore45+wp8+MonoAndroid+MonoTouch/HtmlAgilityPack.pdb",
        "lib/portable-net45+netcore45+wpa81+wp8+MonoAndroid+MonoTouch/HtmlAgilityPack.dll",
        "lib/portable-net45+netcore45+wpa81+wp8+MonoAndroid+MonoTouch/HtmlAgilityPack.pdb",
        "lib/sl5/HtmlAgilityPack.XML",
        "lib/sl5/HtmlAgilityPack.dll",
        "lib/sl5/HtmlAgilityPack.pdb",
        "readme.txt"
      ]
    },
    "Humanizer.Core/2.4.2": {
      "sha512": "1ZKy7LHVYuhmM398hpvyWCcc2Fcx+hqiGYASELDthjWhVrsA6IabYnHRfkQFF6nGG6x4fA1D0StDX/U2Pj+FdQ==",
      "type": "package",
      "path": "humanizer.core/2.4.2",
      "files": [
        ".nupkg.metadata",
        ".signature.p7s",
        "humanizer.core.2.4.2.nupkg.sha512",
        "humanizer.core.nuspec",
        "lib/netstandard1.0/Humanizer.dll",
        "lib/netstandard1.0/Humanizer.xml",
        "lib/netstandard2.0/Humanizer.dll",
        "lib/netstandard2.0/Humanizer.xml"
      ]
    },
    "interop.domino.dll/1.0.0": {
      "sha512": "gKTX8fwrysbgSWSrJUpMpdp/qmRwYT8JTnbpFzTN72WnX3M1vxkHzpxH3oGMSqpHf20n9AZ0TzDJkt2itp6hyQ==",
      "type": "package",
      "path": "interop.domino.dll/1.0.0",
      "files": [
        ".nupkg.metadata",
        "interop.domino.dll.1.0.0.nupkg.sha512",
        "interop.domino.dll.nuspec",
        "lib/Interop.Domino.dll"
      ]
    },
    "Microsoft.AnalyzerPowerPack/1.0.0": {
      "sha512": "U1sgQeGP7AzADeUhjTEzX5WSQMhuey0KZc21LBbORi674pDtZKNrk1DNifp08X/5hBtIIT5geoGVemRoh4f/pw==",
      "type": "package",
      "path": "microsoft.analyzerpowerpack/1.0.0",
      "hasTools": true,
      "files": [
        ".nupkg.metadata",
        ".signature.p7s",
        "ThirdPartyNotices.rtf",
        "analyzers/dotnet/cs/Microsoft.AnalyzerPowerPack.CSharp.dll",
        "analyzers/dotnet/cs/Microsoft.AnalyzerPowerPack.Common.dll",
        "analyzers/dotnet/vb/Microsoft.AnalyzerPowerPack.Common.dll",
        "analyzers/dotnet/vb/Microsoft.AnalyzerPowerPack.VisualBasic.dll",
        "build/AnalyzerPowerPack.CSharp.props",
        "build/AnalyzerPowerPack.Common.props",
        "build/AnalyzerPowerPack.VisualBasic.props",
        "build/AnalyzerPowerPack.props",
        "microsoft.analyzerpowerpack.1.0.0.nupkg.sha512",
        "microsoft.analyzerpowerpack.nuspec",
        "tools/install.ps1",
        "tools/uninstall.ps1"
      ]
    },
    "Microsoft.AspNet.SignalR.Client/2.4.0": {
      "sha512": "xGoQq9dEsBU49U1Whl0To2JyRQePmo8ayYS8VNruLlQaX+fQBzYyLJeMlW9r7mlt8Vc9JP+083m9pKrfYpdDbg==",
      "type": "package",
      "path": "microsoft.aspnet.signalr.client/2.4.0",
      "files": [
        ".nupkg.metadata",
        ".signature.p7s",
        "lib/net40/Microsoft.AspNet.SignalR.Client.dll",
        "lib/net40/Microsoft.AspNet.SignalR.Client.pdb",
        "lib/net40/Microsoft.AspNet.SignalR.Client.xml",
        "lib/net45/Microsoft.AspNet.SignalR.Client.dll",
        "lib/net45/Microsoft.AspNet.SignalR.Client.pdb",
        "lib/net45/Microsoft.AspNet.SignalR.Client.xml",
        "lib/netstandard1.3/Microsoft.AspNet.SignalR.Client.dll",
        "lib/netstandard1.3/Microsoft.AspNet.SignalR.Client.pdb",
        "lib/netstandard1.3/Microsoft.AspNet.SignalR.Client.xml",
        "lib/netstandard2.0/Microsoft.AspNet.SignalR.Client.dll",
        "lib/netstandard2.0/Microsoft.AspNet.SignalR.Client.pdb",
        "lib/netstandard2.0/Microsoft.AspNet.SignalR.Client.xml",
        "microsoft.aspnet.signalr.client.2.4.0.nupkg.sha512",
        "microsoft.aspnet.signalr.client.nuspec"
      ]
    },
    "Microsoft.CodeAnalysis.FxCopAnalyzers/1.1.0": {
      "sha512": "5g8tJmtLKhwsPYaHmNb4y7CCnCskSIqfYjYHsm8HQyoFtu1iWM1Hno3dviMF7ySHYRuAF/op3kxpVpwLhATErA==",
      "type": "package",
      "path": "microsoft.codeanalysis.fxcopanalyzers/1.1.0",
      "files": [
        ".nupkg.metadata",
        ".signature.p7s",
        "ThirdPartyNotices.rtf",
        "microsoft.codeanalysis.fxcopanalyzers.1.1.0.nupkg.sha512",
        "microsoft.codeanalysis.fxcopanalyzers.nuspec"
      ]
    },
    "Microsoft.Exchange.WebServices/2.2.0": {
      "sha512": "NlkaTD0uWtg9VbiWq0VDWMBPzHFknH3tmstrxt0acrT09LBGqATTjRpsGOODz6tUdX7/dehBinxsf75U5Uw/+A==",
      "type": "package",
      "path": "microsoft.exchange.webservices/2.2.0",
      "files": [
        ".nupkg.metadata",
        "doc/License Terms.rtf",
        "doc/README.htm",
        "doc/Redist.txt",
        "lib/40/Microsoft.Exchange.WebServices.Auth.dll",
        "lib/40/Microsoft.Exchange.WebServices.Auth.pdb",
        "lib/40/Microsoft.Exchange.WebServices.Auth.xml",
        "lib/40/Microsoft.Exchange.WebServices.dll",
        "lib/40/Microsoft.Exchange.WebServices.pdb",
        "lib/40/Microsoft.Exchange.WebServices.xml",
        "microsoft.exchange.webservices.2.2.0.nupkg.sha512",
        "microsoft.exchange.webservices.nuspec"
      ]
    },
    "Microsoft.Rest.ClientRuntime/2.3.20": {
      "sha512": "bw/H1nO4JdnhTagPHWIFQwtlQ6rb2jqw5RTrqPsPqzrjhJxc7P6MyNGdf4pgHQdzdpBSNOfZTEQifoUkxmzYXQ==",
      "type": "package",
      "path": "microsoft.rest.clientruntime/2.3.20",
      "files": [
        ".nupkg.metadata",
        ".signature.p7s",
        "lib/net452/Microsoft.Rest.ClientRuntime.dll",
        "lib/net452/Microsoft.Rest.ClientRuntime.runtimeconfig.json",
        "lib/net452/Microsoft.Rest.ClientRuntime.xml",
        "lib/net461/Microsoft.Rest.ClientRuntime.dll",
        "lib/net461/Microsoft.Rest.ClientRuntime.runtimeconfig.json",
        "lib/net461/Microsoft.Rest.ClientRuntime.xml",
        "lib/netstandard1.4/Microsoft.Rest.ClientRuntime.dll",
        "lib/netstandard1.4/Microsoft.Rest.ClientRuntime.runtimeconfig.json",
        "lib/netstandard1.4/Microsoft.Rest.ClientRuntime.xml",
        "lib/netstandard2.0/Microsoft.Rest.ClientRuntime.dll",
        "lib/netstandard2.0/Microsoft.Rest.ClientRuntime.runtimeconfig.json",
        "lib/netstandard2.0/Microsoft.Rest.ClientRuntime.xml",
        "microsoft.rest.clientruntime.2.3.20.nupkg.sha512",
        "microsoft.rest.clientruntime.nuspec"
      ]
    },
    "Microsoft.VisualStudio.OLE.Interop/7.10.6071": {
      "sha512": "PuINhJH41DbKfkNU+qcyC4Wlt/z0DgI/ViZv6gjUclylnFbUIpCdqm4fK+PKJDfiarHTKnGWkxjKuOIS1Bqs5Q==",
      "type": "package",
      "path": "microsoft.visualstudio.ole.interop/7.10.6071",
      "files": [
        ".nupkg.metadata",
        "lib/Microsoft.VisualStudio.OLE.Interop.dll",
        "lib/Microsoft.VisualStudio.OLE.Interop.xml",
        "microsoft.visualstudio.ole.interop.7.10.6071.nupkg.sha512",
        "microsoft.visualstudio.ole.interop.nuspec"
      ]
    },
    "Newtonsoft.Json/11.0.2": {
      "sha512": "IvJe1pj7JHEsP8B8J8DwlMEx8UInrs/x+9oVY+oCD13jpLu4JbJU2WCIsMRn5C4yW9+DgkaO8uiVE5VHKjpmdQ==",
      "type": "package",
      "path": "newtonsoft.json/11.0.2",
      "files": [
        ".nupkg.metadata",
        "LICENSE.md",
        "lib/net20/Newtonsoft.Json.dll",
        "lib/net20/Newtonsoft.Json.xml",
        "lib/net35/Newtonsoft.Json.dll",
        "lib/net35/Newtonsoft.Json.xml",
        "lib/net40/Newtonsoft.Json.dll",
        "lib/net40/Newtonsoft.Json.xml",
        "lib/net45/Newtonsoft.Json.dll",
        "lib/net45/Newtonsoft.Json.xml",
        "lib/netstandard1.0/Newtonsoft.Json.dll",
        "lib/netstandard1.0/Newtonsoft.Json.xml",
        "lib/netstandard1.3/Newtonsoft.Json.dll",
        "lib/netstandard1.3/Newtonsoft.Json.xml",
        "lib/netstandard2.0/Newtonsoft.Json.dll",
        "lib/netstandard2.0/Newtonsoft.Json.xml",
        "lib/portable-net40+sl5+win8+wp8+wpa81/Newtonsoft.Json.dll",
        "lib/portable-net40+sl5+win8+wp8+wpa81/Newtonsoft.Json.xml",
        "lib/portable-net45+win8+wp8+wpa81/Newtonsoft.Json.dll",
        "lib/portable-net45+win8+wp8+wpa81/Newtonsoft.Json.xml",
        "newtonsoft.json.11.0.2.nupkg.sha512",
        "newtonsoft.json.nuspec"
      ]
    },
    "NLog/4.2.1": {
      "sha512": "hh/KOxuD0e2BbdMJQQ2h53D/Lvwq4ALJHTUxmrzlcCTiwXGuJ5rUAaz1z8G1Ri6U4BaJHcUVgZeJqQFjViS+YQ==",
      "type": "package",
      "path": "nlog/4.2.1",
      "files": [
        ".nupkg.metadata",
        ".signature.p7s",
        "lib/net35/NLog.dll",
        "lib/net35/NLog.xml",
        "lib/net40/NLog.dll",
        "lib/net40/NLog.xml",
        "lib/net45/NLog.dll",
        "lib/net45/NLog.xml",
        "lib/sl4/NLog.dll",
        "lib/sl4/NLog.xml",
        "lib/sl5/NLog.dll",
        "lib/sl5/NLog.xml",
        "nlog.4.2.1.nupkg.sha512",
        "nlog.nuspec"
      ]
    },
    "NPOI/2.4.1": {
      "sha512": "85790/CY9z4DCU1KLpcdLSqaqaqmQOenTqXJfcsYK8LIKNAAoTgjT5LYLbORgdwAd63sbaJiCfB1SIn/dAXrJw==",
      "type": "package",
      "path": "npoi/2.4.1",
      "files": [
        ".nupkg.metadata",
        "LICENSE",
        "Read Me.txt",
        "lib/NPOI.xml",
        "lib/net40/NPOI.OOXML.dll",
        "lib/net40/NPOI.OpenXml4Net.dll",
        "lib/net40/NPOI.OpenXmlFormats.dll",
        "lib/net40/NPOI.dll",
        "lib/net45/NPOI.OOXML.dll",
        "lib/net45/NPOI.OpenXml4Net.dll",
        "lib/net45/NPOI.OpenXmlFormats.dll",
        "lib/net45/NPOI.dll",
        "lib/netstandard2.0/NPOI.OOXML.deps.json",
        "lib/netstandard2.0/NPOI.OOXML.dll",
        "lib/netstandard2.0/NPOI.OpenXml4Net.deps.json",
        "lib/netstandard2.0/NPOI.OpenXml4Net.dll",
        "lib/netstandard2.0/NPOI.OpenXmlFormats.deps.json",
        "lib/netstandard2.0/NPOI.OpenXmlFormats.dll",
        "lib/netstandard2.0/NPOI.deps.json",
        "lib/netstandard2.0/NPOI.dll",
        "logo/120_120.jpg",
        "logo/240_240.png",
        "logo/32_32.jpg",
        "logo/60_60.jpg",
        "npoi.2.4.1.nupkg.sha512",
        "npoi.nuspec"
      ]
    },
    "SharpZipLib/1.0.0": {
      "sha512": "YuYztmY3jEb21F6e5LIPHJjApdtzdCPQ284UzsCKNfkgW71bukFHJES6RbKi+wm053XzFg0LX5/2vj/9gl8F/g==",
      "type": "package",
      "path": "sharpziplib/1.0.0",
      "files": [
        ".nupkg.metadata",
        "lib/net45/ICSharpCode.SharpZipLib.dll",
        "lib/net45/ICSharpCode.SharpZipLib.xml",
        "lib/netstandard2.0/ICSharpCode.SharpZipLib.dll",
        "lib/netstandard2.0/ICSharpCode.SharpZipLib.xml",
        "sharpziplib.1.0.0.nupkg.sha512",
        "sharpziplib.nuspec"
      ]
    },
    "System.Runtime.Analyzers/1.0.0": {
      "sha512": "7wMU959BN5x960d4/yqXPdY4qd1MvABA9abHO+iRKSxoeqeEgfTyw9BIeceP1OhSOpBY2S4lnFQh7bMy17ojnQ==",
      "type": "package",
      "path": "system.runtime.analyzers/1.0.0",
      "hasTools": true,
      "files": [
        ".nupkg.metadata",
        ".signature.p7s",
        "ThirdPartyNotices.rtf",
        "analyzers/dotnet/cs/System.Runtime.Analyzers.dll",
        "analyzers/dotnet/cs/System.Runtime.CSharp.Analyzers.dll",
        "analyzers/dotnet/vb/System.Runtime.Analyzers.dll",
        "analyzers/dotnet/vb/System.Runtime.VisualBasic.Analyzers.dll",
        "build/System.Runtime.Analyzers.Common.props",
        "build/System.Runtime.Analyzers.props",
        "build/System.Runtime.CSharp.Analyzers.props",
        "build/System.Runtime.VisualBasic.Analyzers.props",
        "system.runtime.analyzers.1.0.0.nupkg.sha512",
        "system.runtime.analyzers.nuspec",
        "tools/install.ps1",
        "tools/uninstall.ps1"
      ]
    },
    "System.Runtime.InteropServices.Analyzers/1.0.0": {
      "sha512": "QC8pee7WKCAV72G0hY67EOJCWRDuRrQNbLKk3sUj8ywpFbbSR7qw2D6MkQXypS8fIserT7if7l56gZdcBnvNeA==",
      "type": "package",
      "path": "system.runtime.interopservices.analyzers/1.0.0",
      "hasTools": true,
      "files": [
        ".nupkg.metadata",
        ".signature.p7s",
        "ThirdPartyNotices.rtf",
        "analyzers/dotnet/cs/System.Runtime.InteropServices.Analyzers.dll",
        "analyzers/dotnet/cs/System.Runtime.InteropServices.CSharp.Analyzers.dll",
        "analyzers/dotnet/vb/System.Runtime.InteropServices.Analyzers.dll",
        "analyzers/dotnet/vb/System.Runtime.InteropServices.VisualBasic.Analyzers.dll",
        "build/System.Runtime.InteropServices.Analyzers.Common.props",
        "build/System.Runtime.InteropServices.Analyzers.props",
        "system.runtime.interopservices.analyzers.1.0.0.nupkg.sha512",
        "system.runtime.interopservices.analyzers.nuspec",
        "tools/install.ps1",
        "tools/uninstall.ps1"
      ]
    },
    "System.Security.Cryptography.Hashing.Algorithms.Analyzers/1.1.0": {
      "sha512": "c2lyFrbsjBTqJs9nrMYri4pFzADgk8BhQmuP6MTU3jW2R0JL5dtY8YJr5U2ORTSdluQCOfDcDwNYineNpTw33Q==",
      "type": "package",
      "path": "system.security.cryptography.hashing.algorithms.analyzers/1.1.0",
      "hasTools": true,
      "files": [
        ".nupkg.metadata",
        ".signature.p7s",
        "ThirdPartyNotices.rtf",
        "analyzers/dotnet/cs/System.Security.Cryptography.Hashing.Algorithms.Analyzers.dll",
        "analyzers/dotnet/cs/System.Security.Cryptography.Hashing.Algorithms.CSharp.Analyzers.dll",
        "analyzers/dotnet/vb/System.Security.Cryptography.Hashing.Algorithms.Analyzers.dll",
        "analyzers/dotnet/vb/System.Security.Cryptography.Hashing.Algorithms.VisualBasic.Analyzers.dll",
        "build/System.Security.Cryptography.Hashing.Algorithms.Analyzers.Common.props",
        "system.security.cryptography.hashing.algorithms.analyzers.1.1.0.nupkg.sha512",
        "system.security.cryptography.hashing.algorithms.analyzers.nuspec",
        "tools/install.ps1",
        "tools/uninstall.ps1"
      ]
    },
    "UiPath/19.7.7128.27029": {
      "sha512": "qwGn1866LHnldXmQnKGABNcppK0eVtS5QkUSS3fNMPQ/bbvFRhlZMjjI/UQvRzK/VrrSO3F1fiPaBi0mE7+w7A==",
      "type": "package",
      "path": "uipath/19.7.7128.27029",
      "files": [
        ".nupkg.metadata",
        ".signature.p7s",
        "build/UiPath.targets",
        "build/UiPath/BrowserNativeMessagingImpl.dll",
        "build/UiPath/FuncServer_x64.exe",
        "build/UiPath/FuncServer_x86.exe",
        "build/UiPath/JavaSupport/UiPathBridge.jar",
        "build/UiPath/JavaSupport/UiPathJBIntruder.jar",
        "build/UiPath/JavaSupport/UiPathJBIntruderV8.jar",
        "build/UiPath/JavaSupport/UiPathV8.jar",
        "build/UiPath/JavaSupport/attach_x64/6/attach.dll",
        "build/UiPath/JavaSupport/attach_x64/7/attach.dll",
        "build/UiPath/JavaSupport/attach_x86/6/attach.dll",
        "build/UiPath/JavaSupport/attach_x86/7/attach.dll",
        "build/UiPath/JavaSupport/jaccess-1_2.jar",
        "build/UiPath/JavaSupport/jaccess-1_3.jar",
        "build/UiPath/JavaSupport/jaccess-1_4.jar",
        "build/UiPath/JavaSupport/jaccess.jar",
        "build/UiPath/JavaSupport/tools.jar",
        "build/UiPath/JavaSupport/toolsV8.jar",
        "build/UiPath/JavaSupport/xml-apis.jar",
        "build/UiPath/Resources/x32.manifest",
        "build/UiPath/Resources/x64.manifest",
        "build/UiPath/SLBroker.dll",
        "build/UiPath/SLBroker.xap",
        "build/UiPath/SLHook.dll",
        "build/UiPath/ShaferFilechck.dll",
        "build/UiPath/TCapture.dll",
        "build/UiPath/TCapture_x64.dll",
        "build/UiPath/UiPath.dll",
        "build/UiPath/UiPathJavaBridgeImplV8.dll",
        "build/UiPath/UiPathJavaBridgeImplV8_x64.dll",
        "build/UiPath/UiPathJavaBridgeV8.dll",
        "build/UiPath/UiPathJavaBridgeV8_x64.dll",
        "build/UiPath/UiPathRemote.exe",
        "build/UiPath/UiPathSLB.dll",
        "build/UiPath/UiPathSLB_x64.dll",
        "build/UiPath/UiPath_x64.dll",
        "build/UiPath/aahook.dll",
        "build/UiPath/aahook_x64.dll",
        "build/UiPath/license.config",
        "build/UiPath/msvcr100.dll",
        "build/UiPath/slinject.exe",
        "build/UiPath/x64/ShaferFilechck_x64.DLL",
        "build/UiPath/x64/msvcr100.dll",
        "lib/UiPath.Interop.dll",
        "uipath.19.7.7128.27029.nupkg.sha512",
        "uipath.nuspec"
      ]
    },
    "UiPath.Credentials.Activities/1.1.6479.13204": {
      "sha512": "2C7e17Lk1G6QenZQwA5q0DETGdAb9K34p6SqPcAOdHHyr+BtYSWLWhXn+zNlMF8ZCr51pHCiBPNp33nok2B3Qw==",
      "type": "package",
      "path": "uipath.credentials.activities/1.1.6479.13204",
      "files": [
        ".nupkg.metadata",
        "lib/net40-client/UiPath.Credentials.Activities.dll",
        "uipath.credentials.activities.1.1.6479.13204.nupkg.sha512",
        "uipath.credentials.activities.nuspec"
      ]
    },
    "UiPath.Excel.Activities/2.6.2": {
      "sha512": "nIkHK19PEjBDmQEiMmH7ZIi2mK6M/E7AXH2zhepOcFL/pf2dk9ZGuVBhs7ijhzlpBk1dzdNAfKWQ0wj58WG2kA==",
      "type": "package",
      "path": "uipath.excel.activities/2.6.2",
      "files": [
        ".nupkg.metadata",
        ".signature.p7s",
        "lib/net461/UiPath.Excel.Activities.Design.dll",
        "lib/net461/UiPath.Excel.Activities.dll",
        "lib/net461/UiPath.Excel.dll",
        "lib/net461/fr/UiPath.Excel.Activities.Design.resources.dll",
        "lib/net461/fr/UiPath.Excel.Activities.resources.dll",
        "lib/net461/fr/UiPath.Excel.resources.dll",
        "lib/net461/ja/UiPath.Excel.Activities.Design.resources.dll",
        "lib/net461/ja/UiPath.Excel.Activities.resources.dll",
        "lib/net461/ja/UiPath.Excel.resources.dll",
        "lib/net461/ru/UiPath.Excel.Activities.Design.resources.dll",
        "lib/net461/ru/UiPath.Excel.Activities.resources.dll",
        "lib/net461/ru/UiPath.Excel.resources.dll",
        "lib/net461/zh-CN/UiPath.Excel.Activities.Design.resources.dll",
        "lib/net461/zh-CN/UiPath.Excel.Activities.resources.dll",
        "lib/net461/zh-CN/UiPath.Excel.resources.dll",
        "uipath.excel.activities.2.6.2.nupkg.sha512",
        "uipath.excel.activities.nuspec"
      ]
    },
    "UiPath.Mail.Activities/1.5.1": {
      "sha512": "ZejvTmy0sUuLV5wNuYybsCIz2MUQ1keBTzPMHfcI7gaink07JdtMIirq+GSmBIxL3nfafPwSWYDwNSBb93hg4Q==",
      "type": "package",
      "path": "uipath.mail.activities/1.5.1",
      "files": [
        ".nupkg.metadata",
        ".signature.p7s",
        "lib/net452/MailKit.dll",
        "lib/net452/MailKit.xml",
        "lib/net452/MimeKit.dll",
        "lib/net452/MimeKit.xml",
        "lib/net452/UiPath.Mail.Activities.Design.dll",
        "lib/net452/UiPath.Mail.Activities.dll",
        "lib/net452/UiPath.Mail.dll",
        "lib/net452/fr/UiPath.Mail.Activities.Design.resources.dll",
        "lib/net452/fr/UiPath.Mail.Activities.resources.dll",
        "lib/net452/fr/UiPath.Mail.resources.dll",
        "lib/net452/ja/UiPath.Mail.Activities.Design.resources.dll",
        "lib/net452/ja/UiPath.Mail.Activities.resources.dll",
        "lib/net452/ja/UiPath.Mail.resources.dll",
        "lib/net452/ru/UiPath.Mail.Activities.Design.resources.dll",
        "lib/net452/ru/UiPath.Mail.Activities.resources.dll",
        "lib/net452/ru/UiPath.Mail.resources.dll",
        "lib/net452/zh-CN/UiPath.Mail.Activities.Design.resources.dll",
        "lib/net452/zh-CN/UiPath.Mail.Activities.resources.dll",
        "lib/net452/zh-CN/UiPath.Mail.resources.dll",
        "uipath.mail.activities.1.5.1.nupkg.sha512",
        "uipath.mail.activities.nuspec"
      ]
    },
    "UiPath.OCR.Contracts/2.0.0": {
      "sha512": "0GdsdJ/Q3ErDF2GlR2vaS7nxeRz4KM9TwSEZyr++9qG0gW86FYiGaNEYQ3NsDPW/z5/AlID11RhEJMwepf8MPA==",
      "type": "package",
      "path": "uipath.ocr.contracts/2.0.0",
      "files": [
        ".nupkg.metadata",
        ".signature.p7s",
        "lib/net45/UiPath.OCR.Contracts.dll",
        "uipath.ocr.contracts.2.0.0.nupkg.sha512",
        "uipath.ocr.contracts.nuspec"
      ]
    },
    "UiPath.System.Activities/19.7.0": {
      "sha512": "2qQSc1s5cOMa3iN86smTv2GaFsR210A0tj9YvF/P0JqbHHS3ihWmhJhkZ76DiCOiWMiuHX55k2+aAhrx2qOb/Q==",
      "type": "package",
      "path": "uipath.system.activities/19.7.0",
      "files": [
        ".nupkg.metadata",
        ".signature.p7s",
        "lib/net461/ActiproSoftware.Docking.Wpf.dll",
        "lib/net461/ActiproSoftware.Ribbon.Wpf.dll",
        "lib/net461/ActiproSoftware.Shared.Wpf.dll",
        "lib/net461/ActiproSoftware.SyntaxEditor.Addons.DotNet.Wpf.dll",
        "lib/net461/ActiproSoftware.SyntaxEditor.Wpf.dll",
        "lib/net461/ActiproSoftware.Text.Addons.DotNet.Wpf.dll",
        "lib/net461/ActiproSoftware.Text.LLParser.Wpf.dll",
        "lib/net461/ActiproSoftware.Text.Wpf.dll",
        "lib/net461/ActiproSoftware.Wizard.Wpf.dll",
        "lib/net461/CustomInputForm.exe",
        "lib/net461/UiPath.OrchestratorClient.dll",
        "lib/net461/UiPath.System.Activities.Design.dll",
        "lib/net461/UiPath.System.Activities.dll",
        "lib/net461/fr/UiPath.System.Activities.Design.resources.dll",
        "lib/net461/fr/UiPath.System.Activities.resources.dll",
        "lib/net461/ja/UiPath.System.Activities.Design.resources.dll",
        "lib/net461/ja/UiPath.System.Activities.resources.dll",
        "lib/net461/ru/UiPath.System.Activities.Design.resources.dll",
        "lib/net461/ru/UiPath.System.Activities.resources.dll",
        "lib/net461/zh-CN/UiPath.System.Activities.Design.resources.dll",
        "lib/net461/zh-CN/UiPath.System.Activities.resources.dll",
        "uipath.system.activities.19.7.0.nupkg.sha512",
        "uipath.system.activities.nuspec"
      ]
    },
    "UiPath.UIAutomation.Activities/19.7.0": {
      "sha512": "31kVI6skLCAKLLsQuLJZM1dlzyHC5Y9sVKjhjTd8EDtrLahip9RoVHYTy2wi9CybBJ3C7yGGCZbegE1o/h998Q==",
      "type": "package",
      "path": "uipath.uiautomation.activities/19.7.0",
      "files": [
        ".nupkg.metadata",
        ".signature.p7s",
        "build/ActiproSoftware.DataGrid.Contrib.Wpf.dll",
        "build/ActiproSoftware.Docking.Wpf.dll",
        "build/ActiproSoftware.Editors.Wpf.dll",
        "build/ActiproSoftware.Ribbon.Wpf.dll",
        "build/ActiproSoftware.Shared.Wpf.dll",
        "build/ActiproSoftware.SyntaxEditor.Addons.DotNet.Wpf.dll",
        "build/ActiproSoftware.SyntaxEditor.Wpf.dll",
        "build/ActiproSoftware.Text.Addons.DotNet.Wpf.dll",
        "build/ActiproSoftware.Text.LLParser.Wpf.dll",
        "build/ActiproSoftware.Text.Wpf.dll",
        "build/ActiproSoftware.Wizard.Wpf.dll",
        "build/ICSharpCode.AvalonEdit.dll",
        "build/System.ValueTuple.dll",
        "build/UiExplorer.exe",
        "build/UiExplorer.exe.config",
        "build/UiPath.Activities.Contracts.dll",
        "build/UiPath.UIAutomation.Activities.Design.dll",
        "build/UiPath.UiAutomation.Activities.dll",
        "build/fr/UiExplorer.resources.dll",
        "build/fr/UiPath.UIAutomation.Activities.Design.resources.dll",
        "build/fr/UiPath.UiAutomation.Activities.resources.dll",
        "build/ja/UiExplorer.resources.dll",
        "build/ja/UiPath.UIAutomation.Activities.Design.resources.dll",
        "build/ja/UiPath.UiAutomation.Activities.resources.dll",
        "build/ru/UiExplorer.resources.dll",
        "build/ru/UiPath.UIAutomation.Activities.Design.resources.dll",
        "build/ru/UiPath.UiAutomation.Activities.resources.dll",
        "build/zh-CN/UiExplorer.resources.dll",
        "build/zh-CN/UiPath.UIAutomation.Activities.Design.resources.dll",
        "build/zh-CN/UiPath.UiAutomation.Activities.resources.dll",
        "lib/net461/ActiproSoftware.DataGrid.Contrib.Wpf.dll",
        "lib/net461/ActiproSoftware.Docking.Wpf.dll",
        "lib/net461/ActiproSoftware.Editors.Wpf.dll",
        "lib/net461/ActiproSoftware.Ribbon.Wpf.dll",
        "lib/net461/ActiproSoftware.Shared.Wpf.dll",
        "lib/net461/ActiproSoftware.SyntaxEditor.Addons.DotNet.Wpf.dll",
        "lib/net461/ActiproSoftware.SyntaxEditor.Wpf.dll",
        "lib/net461/ActiproSoftware.Text.Addons.DotNet.Wpf.dll",
        "lib/net461/ActiproSoftware.Text.LLParser.Wpf.dll",
        "lib/net461/ActiproSoftware.Text.Wpf.dll",
        "lib/net461/ActiproSoftware.Wizard.Wpf.dll",
        "lib/net461/UiPath.UIAutomation.Activities.Design.dll",
        "lib/net461/UiPath.UiAutomation.Activities.dll",
        "lib/net461/UiPath.Wizards.dll",
        "lib/net461/fr/UiPath.UIAutomation.Activities.Design.resources.dll",
        "lib/net461/fr/UiPath.UiAutomation.Activities.resources.dll",
        "lib/net461/fr/UiPath.Wizards.resources.dll",
        "lib/net461/ja/UiPath.UIAutomation.Activities.Design.resources.dll",
        "lib/net461/ja/UiPath.UiAutomation.Activities.resources.dll",
        "lib/net461/ja/UiPath.Wizards.resources.dll",
        "lib/net461/ru/UiPath.UIAutomation.Activities.Design.resources.dll",
        "lib/net461/ru/UiPath.UiAutomation.Activities.resources.dll",
        "lib/net461/ru/UiPath.Wizards.resources.dll",
        "lib/net461/zh-CN/UiPath.UIAutomation.Activities.Design.resources.dll",
        "lib/net461/zh-CN/UiPath.UiAutomation.Activities.resources.dll",
        "lib/net461/zh-CN/UiPath.Wizards.resources.dll",
        "uipath.uiautomation.activities.19.7.0.nupkg.sha512",
        "uipath.uiautomation.activities.nuspec"
      ]
    },
    "UiPath.Vision/1.6.1": {
      "sha512": "017bcpvB1uJ0vyeuqWWkz7R09xdBFQrjMW+0k2WE8zPwphQoortvv0MRs5//m1T8bg6flI5G23huKj8Uio80ug==",
      "type": "package",
      "path": "uipath.vision/1.6.1",
      "files": [
        ".nupkg.metadata",
        ".signature.p7s",
        "build/AForge.Imaging.dll",
        "build/AForge.Math.dll",
        "build/AForge.dll",
        "build/AbbyyOnlineSdk.dll",
        "build/BouncyCastle.Crypto.dll",
        "build/Emgu.CV.World.dll",
        "build/Google.Api.CommonProtos.dll",
        "build/Google.Api.Gax.Grpc.dll",
        "build/Google.Api.Gax.dll",
        "build/Google.Apis.Auth.PlatformServices.dll",
        "build/Google.Apis.Auth.dll",
        "build/Google.Apis.Core.dll",
        "build/Google.Apis.PlatformServices.dll",
        "build/Google.Apis.dll",
        "build/Google.Cloud.Vision.V1.dll",
        "build/Google.LongRunning.dll",
        "build/Google.Protobuf.dll",
        "build/Grpc.Auth.dll",
        "build/Grpc.Core.dll",
        "build/Microsoft.Azure.CognitiveServices.Vision.ComputerVision.dll",
        "build/Microsoft.ProjectOxford.Vision.dll",
        "build/Microsoft.Rest.ClientRuntime.Azure.dll",
        "build/Microsoft.Rest.ClientRuntime.dll",
        "build/NLog.dll",
        "build/Newtonsoft.Json.dll",
        "build/System.Collections.Immutable.dll",
        "build/System.Interactive.Async.dll",
        "build/System.ValueTuple.dll",
        "build/UiPath.OCR.Contracts.dll",
        "build/UiPath.Vision.AbbyyCloud.dll",
        "build/UiPath.Vision.AbbyyFRE11.dll",
        "build/UiPath.Vision.AbbyyFRE12.dll",
        "build/UiPath.Vision.AbbyyFRECommon.dll",
        "build/UiPath.Vision.AzureComputerVision.dll",
        "build/UiPath.Vision.Core.dll",
        "build/UiPath.Vision.GoogleCloud.dll",
        "build/UiPath.Vision.Host32.exe",
        "build/UiPath.Vision.Host32.exe.config",
        "build/UiPath.Vision.Microsoft.dll",
        "build/UiPath.Vision.MicrosoftCloud.dll",
        "build/UiPath.Vision.Tesseract.dll",
        "build/UiPath.Vision.dll",
        "build/ZedGraph.dll",
        "build/Zlib.Portable.dll",
        "build/grpc_csharp_ext.x64.dll",
        "build/grpc_csharp_ext.x86.dll",
        "build/nlog.config",
        "build/tessdata/eng.traineddata",
        "build/x86/concrt140.dll",
        "build/x86/cvextern.dll",
        "build/x86/msvcp140.dll",
        "build/x86/opencv_ffmpeg341.dll",
        "build/x86/tbb.dll",
        "build/x86/vcruntime140.dll",
        "lib/net452/UiPath.Vision.AbbyyCloud.dll",
        "lib/net452/UiPath.Vision.AbbyyFRE11.dll",
        "lib/net452/UiPath.Vision.AbbyyFRE12.dll",
        "lib/net452/UiPath.Vision.AbbyyFRECommon.dll",
        "lib/net452/UiPath.Vision.AzureComputerVision.dll",
        "lib/net452/UiPath.Vision.Core.dll",
        "lib/net452/UiPath.Vision.GoogleCloud.dll",
        "lib/net452/UiPath.Vision.Host32.exe",
        "lib/net452/UiPath.Vision.Microsoft.dll",
        "lib/net452/UiPath.Vision.MicrosoftCloud.dll",
        "lib/net452/UiPath.Vision.Tesseract.dll",
        "lib/net452/UiPath.Vision.dll",
        "uipath.vision.1.6.1.nupkg.sha512",
        "uipath.vision.nuspec"
      ]
    },
    "UiPathTeam.Twilio.Workflow.Activities/1.0.0.3": {
      "sha512": "+ztLTeEfk6s/K1AXX2o3cxxq+rdBXhWcjH2j18lUFoB7bIuEfXWVcs2fSYG5Bj/hCTHwD+YyE2qktH4RnfEgEQ==",
      "type": "package",
      "path": "uipathteam.twilio.workflow.activities/1.0.0.3",
      "files": [
        ".nupkg.metadata",
        "lib/Microsoft.IdentityModel.Logging.dll",
        "lib/Microsoft.IdentityModel.Tokens.dll",
        "lib/Newtonsoft.Json.dll",
        "lib/System.IdentityModel.Tokens.Jwt.dll",
        "lib/Twilio.dll",
        "lib/TwilioSMS.dll",
        "uipathteam.twilio.workflow.activities.1.0.0.3.nupkg.sha512",
        "uipathteam.twilio.workflow.activities.nuspec"
      ]
    }
  },
  "projectFileDependencyGroups": {
    "": [],
    ".NETFramework,Version=v4.6.1": [
      "Dynamicweb.Mailing.DeliveryProviders.SendMessageProvider >= 2.0.0 <= 2.0.0",
      "UiPath.Credentials.Activities >= 1.1.6479.13204 <= 1.1.6479.13204",
      "UiPath.Excel.Activities >= 2.6.2 <= 2.6.2",
      "UiPath.Mail.Activities >= 1.5.1 <= 1.5.1",
      "UiPath.System.Activities >= 19.7.0 <= 19.7.0",
      "UiPath.UIAutomation.Activities >= 19.7.0 <= 19.7.0",
      "UiPathTeam.Twilio.Workflow.Activities >= 1.0.0.3 <= 1.0.0.3"
    ]
  },
  "packageFolders": {
    "C:\\Users\\bshivani\\.nuget\\packages\\": {}
  },
  "project": {
    "restore": {
      "projectUniqueName": "ShopOnGo",
      "projectName": "ShopOnGo",
      "projectPath": "C:\\Users\\bshivani\\OneDrive - VMware, Inc\\VMwareCorp\\Documents\\UiPath\\ShopOnGo\\.local",
      "packagesPath": "C:\\Users\\bshivani\\.nuget\\packages\\",
      "outputPath": "C:\\Users\\bshivani\\OneDrive - VMware, Inc\\VMwareCorp\\Documents\\UiPath\\ShopOnGo\\.local"
    },
    "frameworks": {
      "net461": {
        "dependencies": {
          "Dynamicweb.Mailing.DeliveryProviders.SendMessageProvider": {
            "include": "Runtime",
            "target": "Package",
            "version": "[2.0.0, 2.0.0]"
          },
          "UiPath.Credentials.Activities": {
            "include": "Runtime",
            "target": "Package",
            "version": "[1.1.6479.13204, 1.1.6479.13204]"
          },
          "UiPath.Excel.Activities": {
            "include": "Runtime",
            "target": "Package",
            "version": "[2.6.2, 2.6.2]"
          },
          "UiPath.Mail.Activities": {
            "include": "Runtime",
            "target": "Package",
            "version": "[1.5.1, 1.5.1]"
          },
          "UiPath.System.Activities": {
            "include": "Runtime",
            "target": "Package",
            "version": "[19.7.0, 19.7.0]"
          },
          "UiPath.UIAutomation.Activities": {
            "include": "Runtime",
            "target": "Package",
            "version": "[19.7.0, 19.7.0]"
          },
          "UiPathTeam.Twilio.Workflow.Activities": {
            "include": "Runtime",
            "target": "Package",
            "version": "[1.0.0.3, 1.0.0.3]"
          }
        }
      }
    }
  },
  "logs": [
    {
      "code": "NU1603",
      "level": "Warning",
      "warningLevel": 1,
      "message": "Microsoft.CodeAnalysis.FxCopAnalyzers 1.1.0 depends on Desktop.Analyzers (>= 1.0.0 && < 1.2.0) but Desktop.Analyzers 1.0.0 was not found. An approximate best match of Desktop.Analyzers 1.1.0 was resolved.",
      "libraryId": "Desktop.Analyzers",
      "targetGraphs": [
        ".NETFramework,Version=v4.6.1"
      ]
    },
    {
      "code": "NU1603",
      "level": "Warning",
      "warningLevel": 1,
      "message": "Dynamicweb.Caching 1.0.0 depends on Dynamicweb.Core (>= 1.0.1) but Dynamicweb.Core 1.0.1 was not found. An approximate best match of Dynamicweb.Core 1.0.2 was resolved.",
      "libraryId": "Dynamicweb.Core",
      "targetGraphs": [
        ".NETFramework,Version=v4.6.1"
      ]
    },
    {
      "code": "NU1603",
      "level": "Warning",
      "warningLevel": 1,
      "message": "Dynamicweb.Mailing 1.0.0 depends on Dynamicweb.Core (>= 1.0.1) but Dynamicweb.Core 1.0.1 was not found. An approximate best match of Dynamicweb.Core 1.0.2 was resolved.",
      "libraryId": "Dynamicweb.Core",
      "targetGraphs": [
        ".NETFramework,Version=v4.6.1"
      ]
    },
    {
      "code": "NU1603",
      "level": "Warning",
      "warningLevel": 1,
      "message": "Microsoft.CodeAnalysis.FxCopAnalyzers 1.1.0 depends on System.Security.Cryptography.Hashing.Algorithms.Analyzers (>= 1.0.0 && < 1.2.0) but System.Security.Cryptography.Hashing.Algorithms.Analyzers 1.0.0 was not found. An approximate best match of System.Security.Cryptography.Hashing.Algorithms.Analyzers 1.1.0 was resolved.",
      "libraryId": "System.Security.Cryptography.Hashing.Algorithms.Analyzers",
      "targetGraphs": [
        ".NETFramework,Version=v4.6.1"
      ]
    },
    {
      "code": "NU1107",
      "level": "Error",
      "message": "Version conflict detected for Newtonsoft.Json. Install/reference Newtonsoft.Json 11.0.2 directly to project ShopOnGo to resolve this issue. \r\n ShopOnGo -> UiPath.System.Activities 19.7.0 -> Newtonsoft.Json (>= 11.0.2) \r\n ShopOnGo -> Dynamicweb.Mailing.DeliveryProviders.SendMessageProvider 2.0.0 -> Dynamicweb.Mailing 1.0.0 -> Dynamicweb.Core 1.0.2 -> Newtonsoft.Json (= 8.0.3).",
      "libraryId": "Newtonsoft.Json",
      "targetGraphs": [
        ".NETFramework,Version=v4.6.1"
      ]
    }
  ]
}