{
  "Packages": [
    {
      "Package": {
        "Id": "Dynamicweb.Mailing.DeliveryProviders.SendMessageProvider",
        "Version": "2.0.0"
      },
      "Assemblies": [
        "C:\\Users\\bshivani\\.nuget\\packages\\dynamicweb.caching/1.0.0\\lib/net46/Dynamicweb.Caching.dll",
        "C:\\Users\\bshivani\\.nuget\\packages\\dynamicweb.configuration/1.0.0\\lib/net46/Dynamicweb.Configuration.dll",
        "C:\\Users\\bshivani\\.nuget\\packages\\dynamicweb.core/1.0.2\\lib/net46/Dynamicweb.Core.dll",
        "C:\\Users\\bshivani\\.nuget\\packages\\dynamicweb.data/1.0.0\\lib/net46/Dynamicweb.Data.dll",
        "C:\\Users\\bshivani\\.nuget\\packages\\dynamicweb.diagnostics/1.0.0\\lib/net46/Dynamicweb.Diagnostics.dll",
        "C:\\Users\\bshivani\\.nuget\\packages\\dynamicweb.environment/1.0.0\\lib/net46/Dynamicweb.Environment.dll",
        "C:\\Users\\bshivani\\.nuget\\packages\\dynamicweb.extensibility/1.0.0\\lib/net46/Dynamicweb.Extensibility.dll",
        "C:\\Users\\bshivani\\.nuget\\packages\\dynamicweb.logging/1.0.0\\lib/net46/Dynamicweb.Logging.dll",
        "C:\\Users\\bshivani\\.nuget\\packages\\dynamicweb.mailing/1.0.0\\lib/net46/Dynamicweb.Mailing.dll",
        "C:\\Users\\bshivani\\.nuget\\packages\\dynamicweb.mailing.deliveryproviders.sendmessageprovider/2.0.0\\lib/net46/Dynamicweb.Mailing.DeliveryProviders.SendMessageProvider.dll",
        "C:\\Users\\bshivani\\.nuget\\packages\\htmlagilitypack/1.4.9.5\\lib/Net45/HtmlAgilityPack.dll",
        "C:\\Users\\bshivani\\.nuget\\packages\\newtonsoft.json/11.0.2\\lib/net45/Newtonsoft.Json.dll",
        "C:\\Users\\bshivani\\.nuget\\packages\\nlog/4.2.1\\lib/net45/NLog.dll"
      ]
    },
    {
      "Package": {
        "Id": "UiPath.Credentials.Activities",
        "Version": "1.1.6479.13204"
      },
      "Assemblies": [
        "C:\\Users\\bshivani\\.nuget\\packages\\credentialmanagement/1.0.2\\lib/net35/CredentialManagement.dll",
        "C:\\Users\\bshivani\\.nuget\\packages\\uipath.credentials.activities/1.1.6479.13204\\lib/net40-client/UiPath.Credentials.Activities.dll"
      ]
    },
    {
      "Package": {
        "Id": "UiPath.Excel.Activities",
        "Version": "2.6.2"
      },
      "Assemblies": [
        "C:\\Users\\bshivani\\.nuget\\packages\\closedxml/0.87.1\\lib/net40/ClosedXML.dll",
        "C:\\Users\\bshivani\\.nuget\\packages\\csvhelper/2.13.5\\lib/net40-client/CsvHelper.dll",
        "C:\\Users\\bshivani\\.nuget\\packages\\documentformat.openxml/2.5.0\\lib/DocumentFormat.OpenXml.dll",
        "C:\\Users\\bshivani\\.nuget\\packages\\microsoft.visualstudio.ole.interop/7.10.6071\\lib/Microsoft.VisualStudio.OLE.Interop.dll",
        "C:\\Users\\bshivani\\.nuget\\packages\\npoi/2.4.1\\lib/net45/NPOI.OOXML.dll",
        "C:\\Users\\bshivani\\.nuget\\packages\\npoi/2.4.1\\lib/net45/NPOI.OpenXml4Net.dll",
        "C:\\Users\\bshivani\\.nuget\\packages\\npoi/2.4.1\\lib/net45/NPOI.OpenXmlFormats.dll",
        "C:\\Users\\bshivani\\.nuget\\packages\\npoi/2.4.1\\lib/net45/NPOI.dll",
        "C:\\Users\\bshivani\\.nuget\\packages\\sharpziplib/1.0.0\\lib/net45/ICSharpCode.SharpZipLib.dll",
        "C:\\Users\\bshivani\\.nuget\\packages\\uipath.excel.activities/2.6.2\\lib/net461/UiPath.Excel.Activities.Design.dll",
        "C:\\Users\\bshivani\\.nuget\\packages\\uipath.excel.activities/2.6.2\\lib/net461/UiPath.Excel.Activities.dll",
        "C:\\Users\\bshivani\\.nuget\\packages\\uipath.excel.activities/2.6.2\\lib/net461/UiPath.Excel.dll"
      ]
    },
    {
      "Package": {
        "Id": "UiPath.Mail.Activities",
        "Version": "1.5.1"
      },
      "Assemblies": [
        "C:\\Users\\bshivani\\.nuget\\packages\\bouncycastle/1.8.1\\lib/BouncyCastle.Crypto.dll",
        "C:\\Users\\bshivani\\.nuget\\packages\\interop.domino.dll/1.0.0\\lib/Interop.Domino.dll",
        "C:\\Users\\bshivani\\.nuget\\packages\\microsoft.exchange.webservices/2.2.0\\lib/40/Microsoft.Exchange.WebServices.Auth.dll",
        "C:\\Users\\bshivani\\.nuget\\packages\\microsoft.exchange.webservices/2.2.0\\lib/40/Microsoft.Exchange.WebServices.dll",
        "C:\\Users\\bshivani\\.nuget\\packages\\uipath.mail.activities/1.5.1\\lib/net452/MailKit.dll",
        "C:\\Users\\bshivani\\.nuget\\packages\\uipath.mail.activities/1.5.1\\lib/net452/MimeKit.dll",
        "C:\\Users\\bshivani\\.nuget\\packages\\uipath.mail.activities/1.5.1\\lib/net452/UiPath.Mail.Activities.Design.dll",
        "C:\\Users\\bshivani\\.nuget\\packages\\uipath.mail.activities/1.5.1\\lib/net452/UiPath.Mail.Activities.dll",
        "C:\\Users\\bshivani\\.nuget\\packages\\uipath.mail.activities/1.5.1\\lib/net452/UiPath.Mail.dll"
      ]
    },
    {
      "Package": {
        "Id": "UiPath.System.Activities",
        "Version": "19.7.0"
      },
      "Assemblies": [
        "C:\\Users\\bshivani\\.nuget\\packages\\csvhelper/2.13.5\\lib/net40-client/CsvHelper.dll",
        "C:\\Users\\bshivani\\.nuget\\packages\\microsoft.aspnet.signalr.client/2.4.0\\lib/net45/Microsoft.AspNet.SignalR.Client.dll",
        "C:\\Users\\bshivani\\.nuget\\packages\\microsoft.rest.clientruntime/2.3.20\\lib/net461/Microsoft.Rest.ClientRuntime.dll",
        "C:\\Users\\bshivani\\.nuget\\packages\\newtonsoft.json/11.0.2\\lib/net45/Newtonsoft.Json.dll",
        "C:\\Users\\bshivani\\.nuget\\packages\\uipath.system.activities/19.7.0\\lib/net461/ActiproSoftware.Docking.Wpf.dll",
        "C:\\Users\\bshivani\\.nuget\\packages\\uipath.system.activities/19.7.0\\lib/net461/ActiproSoftware.Ribbon.Wpf.dll",
        "C:\\Users\\bshivani\\.nuget\\packages\\uipath.system.activities/19.7.0\\lib/net461/ActiproSoftware.Shared.Wpf.dll",
        "C:\\Users\\bshivani\\.nuget\\packages\\uipath.system.activities/19.7.0\\lib/net461/ActiproSoftware.SyntaxEditor.Addons.DotNet.Wpf.dll",
        "C:\\Users\\bshivani\\.nuget\\packages\\uipath.system.activities/19.7.0\\lib/net461/ActiproSoftware.SyntaxEditor.Wpf.dll",
        "C:\\Users\\bshivani\\.nuget\\packages\\uipath.system.activities/19.7.0\\lib/net461/ActiproSoftware.Text.Addons.DotNet.Wpf.dll",
        "C:\\Users\\bshivani\\.nuget\\packages\\uipath.system.activities/19.7.0\\lib/net461/ActiproSoftware.Text.LLParser.Wpf.dll",
        "C:\\Users\\bshivani\\.nuget\\packages\\uipath.system.activities/19.7.0\\lib/net461/ActiproSoftware.Text.Wpf.dll",
        "C:\\Users\\bshivani\\.nuget\\packages\\uipath.system.activities/19.7.0\\lib/net461/ActiproSoftware.Wizard.Wpf.dll",
        "C:\\Users\\bshivani\\.nuget\\packages\\uipath.system.activities/19.7.0\\lib/net461/UiPath.OrchestratorClient.dll",
        "C:\\Users\\bshivani\\.nuget\\packages\\uipath.system.activities/19.7.0\\lib/net461/UiPath.System.Activities.Design.dll",
        "C:\\Users\\bshivani\\.nuget\\packages\\uipath.system.activities/19.7.0\\lib/net461/UiPath.System.Activities.dll"
      ]
    },
    {
      "Package": {
        "Id": "UiPath.UIAutomation.Activities",
        "Version": "19.7.0"
      },
      "Assemblies": [
        "C:\\Users\\bshivani\\.nuget\\packages\\avalonedit/5.0.3\\lib/Net40/ICSharpCode.AvalonEdit.dll",
        "C:\\Users\\bshivani\\.nuget\\packages\\extended.wpf.toolkit/2.8.0\\lib/net40/Xceed.Wpf.AvalonDock.Themes.Aero.dll",
        "C:\\Users\\bshivani\\.nuget\\packages\\extended.wpf.toolkit/2.8.0\\lib/net40/Xceed.Wpf.AvalonDock.Themes.Metro.dll",
        "C:\\Users\\bshivani\\.nuget\\packages\\extended.wpf.toolkit/2.8.0\\lib/net40/Xceed.Wpf.AvalonDock.Themes.VS2010.dll",
        "C:\\Users\\bshivani\\.nuget\\packages\\extended.wpf.toolkit/2.8.0\\lib/net40/Xceed.Wpf.AvalonDock.dll",
        "C:\\Users\\bshivani\\.nuget\\packages\\extended.wpf.toolkit/2.8.0\\lib/net40/Xceed.Wpf.DataGrid.dll",
        "C:\\Users\\bshivani\\.nuget\\packages\\extended.wpf.toolkit/2.8.0\\lib/net40/Xceed.Wpf.Toolkit.dll",
        "C:\\Users\\bshivani\\.nuget\\packages\\humanizer.core/2.4.2\\lib/netstandard2.0/Humanizer.dll",
        "C:\\Users\\bshivani\\.nuget\\packages\\uipath/19.7.7128.27029\\lib/UiPath.Interop.dll",
        "C:\\Users\\bshivani\\.nuget\\packages\\uipath.ocr.contracts/2.0.0\\lib/net45/UiPath.OCR.Contracts.dll",
        "C:\\Users\\bshivani\\.nuget\\packages\\uipath.uiautomation.activities/19.7.0\\lib/net461/ActiproSoftware.DataGrid.Contrib.Wpf.dll",
        "C:\\Users\\bshivani\\.nuget\\packages\\uipath.uiautomation.activities/19.7.0\\lib/net461/ActiproSoftware.Docking.Wpf.dll",
        "C:\\Users\\bshivani\\.nuget\\packages\\uipath.uiautomation.activities/19.7.0\\lib/net461/ActiproSoftware.Editors.Wpf.dll",
        "C:\\Users\\bshivani\\.nuget\\packages\\uipath.uiautomation.activities/19.7.0\\lib/net461/ActiproSoftware.Ribbon.Wpf.dll",
        "C:\\Users\\bshivani\\.nuget\\packages\\uipath.uiautomation.activities/19.7.0\\lib/net461/ActiproSoftware.Shared.Wpf.dll",
        "C:\\Users\\bshivani\\.nuget\\packages\\uipath.uiautomation.activities/19.7.0\\lib/net461/ActiproSoftware.SyntaxEditor.Addons.DotNet.Wpf.dll",
        "C:\\Users\\bshivani\\.nuget\\packages\\uipath.uiautomation.activities/19.7.0\\lib/net461/ActiproSoftware.SyntaxEditor.Wpf.dll",
        "C:\\Users\\bshivani\\.nuget\\packages\\uipath.uiautomation.activities/19.7.0\\lib/net461/ActiproSoftware.Text.Addons.DotNet.Wpf.dll",
        "C:\\Users\\bshivani\\.nuget\\packages\\uipath.uiautomation.activities/19.7.0\\lib/net461/ActiproSoftware.Text.LLParser.Wpf.dll",
        "C:\\Users\\bshivani\\.nuget\\packages\\uipath.uiautomation.activities/19.7.0\\lib/net461/ActiproSoftware.Text.Wpf.dll",
        "C:\\Users\\bshivani\\.nuget\\packages\\uipath.uiautomation.activities/19.7.0\\lib/net461/ActiproSoftware.Wizard.Wpf.dll",
        "C:\\Users\\bshivani\\.nuget\\packages\\uipath.uiautomation.activities/19.7.0\\lib/net461/UiPath.UIAutomation.Activities.Design.dll",
        "C:\\Users\\bshivani\\.nuget\\packages\\uipath.uiautomation.activities/19.7.0\\lib/net461/UiPath.UiAutomation.Activities.dll",
        "C:\\Users\\bshivani\\.nuget\\packages\\uipath.uiautomation.activities/19.7.0\\lib/net461/UiPath.Wizards.dll",
        "C:\\Users\\bshivani\\.nuget\\packages\\uipath.vision/1.6.1\\lib/net452/UiPath.Vision.AbbyyCloud.dll",
        "C:\\Users\\bshivani\\.nuget\\packages\\uipath.vision/1.6.1\\lib/net452/UiPath.Vision.AbbyyFRE11.dll",
        "C:\\Users\\bshivani\\.nuget\\packages\\uipath.vision/1.6.1\\lib/net452/UiPath.Vision.AbbyyFRE12.dll",
        "C:\\Users\\bshivani\\.nuget\\packages\\uipath.vision/1.6.1\\lib/net452/UiPath.Vision.AbbyyFRECommon.dll",
        "C:\\Users\\bshivani\\.nuget\\packages\\uipath.vision/1.6.1\\lib/net452/UiPath.Vision.AzureComputerVision.dll",
        "C:\\Users\\bshivani\\.nuget\\packages\\uipath.vision/1.6.1\\lib/net452/UiPath.Vision.Core.dll",
        "C:\\Users\\bshivani\\.nuget\\packages\\uipath.vision/1.6.1\\lib/net452/UiPath.Vision.GoogleCloud.dll",
        "C:\\Users\\bshivani\\.nuget\\packages\\uipath.vision/1.6.1\\lib/net452/UiPath.Vision.Microsoft.dll",
        "C:\\Users\\bshivani\\.nuget\\packages\\uipath.vision/1.6.1\\lib/net452/UiPath.Vision.MicrosoftCloud.dll",
        "C:\\Users\\bshivani\\.nuget\\packages\\uipath.vision/1.6.1\\lib/net452/UiPath.Vision.Tesseract.dll",
        "C:\\Users\\bshivani\\.nuget\\packages\\uipath.vision/1.6.1\\lib/net452/UiPath.Vision.dll"
      ]
    },
    {
      "Package": {
        "Id": "UiPathTeam.Twilio.Workflow.Activities",
        "Version": "1.0.0.3"
      },
      "Assemblies": [
        "C:\\Users\\bshivani\\.nuget\\packages\\uipathteam.twilio.workflow.activities/1.0.0.3\\lib/Microsoft.IdentityModel.Logging.dll",
        "C:\\Users\\bshivani\\.nuget\\packages\\uipathteam.twilio.workflow.activities/1.0.0.3\\lib/Microsoft.IdentityModel.Tokens.dll",
        "C:\\Users\\bshivani\\.nuget\\packages\\uipathteam.twilio.workflow.activities/1.0.0.3\\lib/Newtonsoft.Json.dll",
        "C:\\Users\\bshivani\\.nuget\\packages\\uipathteam.twilio.workflow.activities/1.0.0.3\\lib/System.IdentityModel.Tokens.Jwt.dll",
        "C:\\Users\\bshivani\\.nuget\\packages\\uipathteam.twilio.workflow.activities/1.0.0.3\\lib/Twilio.dll",
        "C:\\Users\\bshivani\\.nuget\\packages\\uipathteam.twilio.workflow.activities/1.0.0.3\\lib/TwilioSMS.dll"
      ]
    }
  ],
  "Conflicts": [
    {
      "AffectedPackages": [
        "Dynamicweb.Core",
        "UiPath.System.Activities"
      ],
      "CausingPackage": "Newtonsoft.Json",
      "IsCycle": false
    },
    {
      "AffectedPackages": [
        "Dynamicweb.Core",
        "UiPath.System.Activities"
      ],
      "CausingPackage": "Newtonsoft.Json",
      "IsCycle": false
    }
  ],
  "ResolvedDependencies": {
    "AvalonEdit": {
      "Id": "AvalonEdit",
      "Version": "5.0.3",
      "Dependencies": []
    },
    "BouncyCastle": {
      "Id": "BouncyCastle",
      "Version": "1.8.1",
      "Dependencies": []
    },
    "ClosedXML": {
      "Id": "ClosedXML",
      "Version": "0.87.1",
      "Dependencies": [
        {
          "Item1": "DocumentFormat.OpenXml",
          "Item2": "[2.5.0, )"
        }
      ]
    },
    "CredentialManagement": {
      "Id": "CredentialManagement",
      "Version": "1.0.2",
      "Dependencies": []
    },
    "CsvHelper": {
      "Id": "CsvHelper",
      "Version": "2.13.5",
      "Dependencies": []
    },
    "Desktop.Analyzers": {
      "Id": "Desktop.Analyzers",
      "Version": "1.1.0",
      "Dependencies": []
    },
    "DocumentFormat.OpenXml": {
      "Id": "DocumentFormat.OpenXml",
      "Version": "2.5.0",
      "Dependencies": []
    },
    "Dynamicweb.Caching": {
      "Id": "Dynamicweb.Caching",
      "Version": "1.0.0",
      "Dependencies": [
        {
          "Item1": "Dynamicweb.Core",
          "Item2": "[1.0.1, )"
        }
      ]
    },
    "Dynamicweb.Configuration": {
      "Id": "Dynamicweb.Configuration",
      "Version": "1.0.0",
      "Dependencies": [
        {
          "Item1": "Dynamicweb.Caching",
          "Item2": "[1.0.0, )"
        },
        {
          "Item1": "Microsoft.CodeAnalysis.FxCopAnalyzers",
          "Item2": "[1.1.0, )"
        }
      ]
    },
    "Dynamicweb.Core": {
      "Id": "Dynamicweb.Core",
      "Version": "1.0.2",
      "Dependencies": [
        {
          "Item1": "Newtonsoft.Json",
          "Item2": "[8.0.3, 8.0.3]"
        }
      ]
    },
    "Dynamicweb.Data": {
      "Id": "Dynamicweb.Data",
      "Version": "1.0.0",
      "Dependencies": [
        {
          "Item1": "Dynamicweb.Diagnostics",
          "Item2": "[1.0.0, )"
        },
        {
          "Item1": "Dynamicweb.Extensibility",
          "Item2": "[1.0.0, )"
        }
      ]
    },
    "Dynamicweb.Diagnostics": {
      "Id": "Dynamicweb.Diagnostics",
      "Version": "1.0.0",
      "Dependencies": [
        {
          "Item1": "Dynamicweb.Logging",
          "Item2": "[1.0.0, )"
        }
      ]
    },
    "Dynamicweb.Environment": {
      "Id": "Dynamicweb.Environment",
      "Version": "1.0.0",
      "Dependencies": [
        {
          "Item1": "Dynamicweb.Configuration",
          "Item2": "[1.0.0, )"
        }
      ]
    },
    "Dynamicweb.Extensibility": {
      "Id": "Dynamicweb.Extensibility",
      "Version": "1.0.0",
      "Dependencies": [
        {
          "Item1": "Dynamicweb.Environment",
          "Item2": "[1.0.0, )"
        }
      ]
    },
    "Dynamicweb.Logging": {
      "Id": "Dynamicweb.Logging",
      "Version": "1.0.0",
      "Dependencies": [
        {
          "Item1": "Dynamicweb.Environment",
          "Item2": "[1.0.0, )"
        },
        {
          "Item1": "NLog",
          "Item2": "[4.2.1, )"
        }
      ]
    },
    "Dynamicweb.Mailing": {
      "Id": "Dynamicweb.Mailing",
      "Version": "1.0.0",
      "Dependencies": [
        {
          "Item1": "Dynamicweb.Core",
          "Item2": "[1.0.1, )"
        },
        {
          "Item1": "Dynamicweb.Data",
          "Item2": "[1.0.0, )"
        },
        {
          "Item1": "Dynamicweb.Logging",
          "Item2": "[1.0.0, )"
        },
        {
          "Item1": "HtmlAgilityPack",
          "Item2": "[1.4.9.5, )"
        }
      ]
    },
    "Dynamicweb.Mailing.DeliveryProviders.SendMessageProvider": {
      "Id": "Dynamicweb.Mailing.DeliveryProviders.SendMessageProvider",
      "Version": "2.0.0",
      "Dependencies": [
        {
          "Item1": "Dynamicweb.Extensibility",
          "Item2": "[1.0.0, )"
        },
        {
          "Item1": "Dynamicweb.Mailing",
          "Item2": "[1.0.0, )"
        }
      ]
    },
    "Extended.Wpf.Toolkit": {
      "Id": "Extended.Wpf.Toolkit",
      "Version": "2.8.0",
      "Dependencies": []
    },
    "HtmlAgilityPack": {
      "Id": "HtmlAgilityPack",
      "Version": "1.4.9.5",
      "Dependencies": []
    },
    "Humanizer.Core": {
      "Id": "Humanizer.Core",
      "Version": "2.4.2",
      "Dependencies": []
    },
    "interop.domino.dll": {
      "Id": "interop.domino.dll",
      "Version": "1.0.0",
      "Dependencies": []
    },
    "Microsoft.AnalyzerPowerPack": {
      "Id": "Microsoft.AnalyzerPowerPack",
      "Version": "1.0.0",
      "Dependencies": []
    },
    "Microsoft.AspNet.SignalR.Client": {
      "Id": "Microsoft.AspNet.SignalR.Client",
      "Version": "2.4.0",
      "Dependencies": [
        {
          "Item1": "Newtonsoft.Json",
          "Item2": "[6.0.4, )"
        }
      ]
    },
    "Microsoft.CodeAnalysis.FxCopAnalyzers": {
      "Id": "Microsoft.CodeAnalysis.FxCopAnalyzers",
      "Version": "1.1.0",
      "Dependencies": [
        {
          "Item1": "Desktop.Analyzers",
          "Item2": "[1.0.0, 1.2.0)"
        },
        {
          "Item1": "Microsoft.AnalyzerPowerPack",
          "Item2": "[1.0.0, 1.2.0)"
        },
        {
          "Item1": "System.Runtime.Analyzers",
          "Item2": "[1.0.0, 1.2.0)"
        },
        {
          "Item1": "System.Runtime.InteropServices.Analyzers",
          "Item2": "[1.0.0, 1.2.0)"
        },
        {
          "Item1": "System.Security.Cryptography.Hashing.Algorithms.Analyzers",
          "Item2": "[1.0.0, 1.2.0)"
        }
      ]
    },
    "Microsoft.Exchange.WebServices": {
      "Id": "Microsoft.Exchange.WebServices",
      "Version": "2.2.0",
      "Dependencies": []
    },
    "Microsoft.Rest.ClientRuntime": {
      "Id": "Microsoft.Rest.ClientRuntime",
      "Version": "2.3.20",
      "Dependencies": [
        {
          "Item1": "Newtonsoft.Json",
          "Item2": "[10.0.3, )"
        }
      ]
    },
    "Microsoft.VisualStudio.OLE.Interop": {
      "Id": "Microsoft.VisualStudio.OLE.Interop",
      "Version": "7.10.6071",
      "Dependencies": []
    },
    "Newtonsoft.Json": {
      "Id": "Newtonsoft.Json",
      "Version": "11.0.2",
      "Dependencies": []
    },
    "NLog": {
      "Id": "NLog",
      "Version": "4.2.1",
      "Dependencies": []
    },
    "NPOI": {
      "Id": "NPOI",
      "Version": "2.4.1",
      "Dependencies": [
        {
          "Item1": "SharpZipLib",
          "Item2": "[1.0.0, )"
        }
      ]
    },
    "SharpZipLib": {
      "Id": "SharpZipLib",
      "Version": "1.0.0",
      "Dependencies": []
    },
    "System.Runtime.Analyzers": {
      "Id": "System.Runtime.Analyzers",
      "Version": "1.0.0",
      "Dependencies": []
    },
    "System.Runtime.InteropServices.Analyzers": {
      "Id": "System.Runtime.InteropServices.Analyzers",
      "Version": "1.0.0",
      "Dependencies": []
    },
    "System.Security.Cryptography.Hashing.Algorithms.Analyzers": {
      "Id": "System.Security.Cryptography.Hashing.Algorithms.Analyzers",
      "Version": "1.1.0",
      "Dependencies": []
    },
    "UiPath": {
      "Id": "UiPath",
      "Version": "19.7.7128.27029",
      "Dependencies": []
    },
    "UiPath.Credentials.Activities": {
      "Id": "UiPath.Credentials.Activities",
      "Version": "1.1.6479.13204",
      "Dependencies": [
        {
          "Item1": "CredentialManagement",
          "Item2": "[1.0.2, )"
        }
      ]
    },
    "UiPath.Excel.Activities": {
      "Id": "UiPath.Excel.Activities",
      "Version": "2.6.2",
      "Dependencies": [
        {
          "Item1": "ClosedXML",
          "Item2": "[0.87.1, )"
        },
        {
          "Item1": "CsvHelper",
          "Item2": "[2.13.5, )"
        },
        {
          "Item1": "DocumentFormat.OpenXml",
          "Item2": "[2.5.0, )"
        },
        {
          "Item1": "Microsoft.VisualStudio.OLE.Interop",
          "Item2": "[7.10.6071, )"
        },
        {
          "Item1": "NPOI",
          "Item2": "[2.4.1, )"
        },
        {
          "Item1": "SharpZipLib",
          "Item2": "[1.0.0, )"
        }
      ]
    },
    "UiPath.Mail.Activities": {
      "Id": "UiPath.Mail.Activities",
      "Version": "1.5.1",
      "Dependencies": [
        {
          "Item1": "Microsoft.Exchange.WebServices",
          "Item2": "[2.2.0, )"
        },
        {
          "Item1": "BouncyCastle",
          "Item2": "[1.8.1, )"
        },
        {
          "Item1": "interop.domino.dll",
          "Item2": "[1.0.0, )"
        }
      ]
    },
    "UiPath.OCR.Contracts": {
      "Id": "UiPath.OCR.Contracts",
      "Version": "2.0.0",
      "Dependencies": []
    },
    "UiPath.System.Activities": {
      "Id": "UiPath.System.Activities",
      "Version": "19.7.0",
      "Dependencies": [
        {
          "Item1": "CsvHelper",
          "Item2": "[2.13.5, )"
        },
        {
          "Item1": "Microsoft.AspNet.SignalR.Client",
          "Item2": "[2.4.0, )"
        },
        {
          "Item1": "Microsoft.Rest.ClientRuntime",
          "Item2": "[2.3.20, )"
        },
        {
          "Item1": "Newtonsoft.Json",
          "Item2": "[11.0.2, )"
        }
      ]
    },
    "UiPath.UIAutomation.Activities": {
      "Id": "UiPath.UIAutomation.Activities",
      "Version": "19.7.0",
      "Dependencies": [
        {
          "Item1": "UiPath",
          "Item2": "[19.7.7128.27029, )"
        },
        {
          "Item1": "UiPath.Vision",
          "Item2": "[1.6.1, )"
        },
        {
          "Item1": "UiPath.OCR.Contracts",
          "Item2": "[2.0.0, )"
        },
        {
          "Item1": "AvalonEdit",
          "Item2": "[5.0.3, )"
        },
        {
          "Item1": "Extended.Wpf.Toolkit",
          "Item2": "[2.8.0, )"
        },
        {
          "Item1": "Humanizer.Core",
          "Item2": "[2.4.2, )"
        }
      ]
    },
    "UiPath.Vision": {
      "Id": "UiPath.Vision",
      "Version": "1.6.1",
      "Dependencies": []
    },
    "UiPathTeam.Twilio.Workflow.Activities": {
      "Id": "UiPathTeam.Twilio.Workflow.Activities",
      "Version": "1.0.0.3",
      "Dependencies": []
    }
  }
}